security_id,source_symbol,effective_start,effective_end,source_file,interval_number,previous_observed_date,next_observed_date,start_boundary,end_boundary,missing_price_sessions
NDX-CAND-A8E7F84B05F60AA3,AABA-201910,1998-09-16,2017-06-16,AABA-201910.csv,1,1998-09-15,2017-06-19,adjacent_observed_0_to_1,adjacent_observed_1_to_0,
NDX-CAND-CE2044216BB3AC6F,AAL,2014-12-22,2020-04-17,AAL.csv,1,2014-12-19,2020-04-20,adjacent_observed_0_to_1,adjacent_observed_1_to_0,
NDX-CAND-7A99B843B1EE1219,AAPL,1993-10-01,2026-08-04,AAPL.csv,1,1993-09-30,,adjacent_observed_0_to_1,right_censored,
NDX-CAND-7447C4B27CF5EAC5,ABGX-200603,2000-12-18,2002-12-20,ABGX-200603.csv,1,2000-12-15,2002-12-23,adjacent_observed_0_to_1,adjacent_observed_1_to_0,
NDX-CAND-78A82A0D862E9F59,ABNB,2021-12-20,2026-08-04,ABNB.csv,1,2021-12-17,,adjacent_observed_0_to_1,right_censored,
NDX-CAND-1EBA3E77A0AC3FC9,ADBE,1993-10-01,2026-08-04,ADBE.csv,1,1993-09-30,,adjacent_observed_0_to_1,right_censored,
NDX-CAND-6B89D2126DD4950B,ADCT-201012,1994-12-19,2003-12-19,ADCT-201012.csv,1,1994-12-16,2003-12-22,adjacent_observed_0_to_1,adjacent_observed_1_to_0,
NDX-CAND-EA3381C298E04F37,ADELQ-200702,1999-12-20,2002-05-31,ADELQ-200702.csv,1,1999-12-17,2002-06-03,adjacent_observed_0_to_1,adjacent_observed_1_to_0,2002-05-16;2002-05-17;2002-05-20;2002-05-21;2002-05-22
NDX-CAND-069F9415F45E49F5,ADI,2012-12-24,2026-08-04,ADI.csv,1,2012-12-21,,adjacent_observed_0_to_1,right_censored,
NDX-CAND-D87A8C53BB599659,ADP,2008-12-22,2026-08-04,ADP.csv,1,2008-12-19,,adjacent_observed_0_to_1,right_censored,
NDX-CAND-F1083D0330F21044,ADRX-200611,2001-10-04,2002-12-20,ADRX-200611.csv,1,2001-10-03,2002-12-23,adjacent_observed_0_to_1,adjacent_observed_1_to_0,
NDX-CAND-4CDF46788A4C2DEB,ADSK,1993-10-01,1999-12-17,ADSK.csv,1,1993-09-30,1999-12-20,adjacent_observed_0_to_1,adjacent_observed_1_to_0,
NDX-CAND-4CDF46788A4C2DEB,ADSK,2004-12-20,2026-08-04,ADSK.csv,2,2004-12-17,,adjacent_observed_0_to_1,right_censored,
NDX-CAND-152DF5878A7F1210,ADTN,1996-12-23,1998-12-18,ADTN.csv,1,1996-12-20,1998-12-21,adjacent_observed_0_to_1,adjacent_observed_1_to_0,
NDX-CAND-0C14C248716B6F4A,AEO,2006-12-12,2007-03-07,AEO.csv,1,2006-12-11,2007-03-08,adjacent_observed_0_to_1,adjacent_observed_1_to_0,
NDX-CAND-C2B1CE5BC5529F95,AEP,2020-12-21,2026-08-04,AEP.csv,1,2020-12-18,,adjacent_observed_0_to_1,right_censored,
NDX-CAND-C26EA5E5E18EE891,AES,1993-10-01,1996-09-27,AES.csv,1,1993-09-30,1996-09-30,adjacent_observed_0_to_1,adjacent_observed_1_to_0,
NDX-CAND-4B1193EF640E5F26,AFM-200008,1998-01-07,1999-07-13,AFM-200008.csv,1,1998-01-06,1999-07-14,adjacent_observed_0_to_1,adjacent_observed_1_to_0,
NDX-CAND-B029E876ED5AD1C8,AKAM,2006-04-20,2009-12-21,AKAM.csv,1,2006-04-19,2009-12-22,adjacent_observed_0_to_1,adjacent_observed_1_to_0,
NDX-CAND-B029E876ED5AD1C8,AKAM,2010-12-20,2017-12-15,AKAM.csv,2,2010-12-17,2017-12-18,adjacent_observed_0_to_1,adjacent_observed_1_to_0,
NDX-CAND-CE987096A8D0471D,AKLMQ-200808,1993-10-26,1996-12-20,AKLMQ-200808.csv,1,1993-10-25,1996-12-23,adjacent_observed_0_to_1,adjacent_observed_1_to_0,
NDX-CAND-DB68BD93C9C37B95,ALAB,2026-06-22,2026-08-04,ALAB.csv,1,2026-06-18,,adjacent_observed_0_to_1,right_censored,
NDX-CAND-2E129B33F372EBA6,ALGN,2017-10-23,2023-12-15,ALGN.csv,1,2017-10-20,2023-12-18,adjacent_observed_0_to_1,adjacent_observed_1_to_0,
NDX-CAND-EDC2057686DC0643,ALNY,2025-12-22,2026-08-04,ALNY.csv,1,2025-12-19,,adjacent_observed_0_to_1,right_censored,
NDX-CAND-7ECD1194F903350A,ALTR-201512,1995-07-19,2015-10-06,ALTR-201512.csv,1,1995-07-18,2015-10-07,adjacent_observed_0_to_1,adjacent_observed_1_to_0,
NDX-CAND-7CEB9EB7C37DAB06,ALXN-202107,2011-04-04,2021-07-20,ALXN-202107.csv,1,2011-04-01,,adjacent_observed_0_to_1,right_censored,
NDX-CAND-2576462914DE4DE6,AM-201308,1993-10-01,1998-02-10,AM-201308.csv,1,1993-09-30,1998-02-11,adjacent_observed_0_to_1,adjacent_observed_1_to_0,
NDX-CAND-6F6B8E599C46C487,AMAT,1993-10-01,2026-08-04,AMAT.csv,1,1993-09-30,,adjacent_observed_0_to_1,right_censored,
NDX-CAND-39F89E4D36AFA98F,AMCC-201701,1999-12-20,2002-12-20,AMCC-201701.csv,1,1999-12-17,2002-12-23,adjacent_observed_0_to_1,adjacent_observed_1_to_0,
NDX-CAND-835107AEC3C5FDF7,AMD,2018-12-24,2026-08-04,AMD.csv,1,2018-12-21,,adjacent_observed_0_to_1,right_censored,
NDX-CAND-E46543BFD87BA5FF,AMGN,1993-10-01,2026-08-04,AMGN.csv,1,1993-09-30,,adjacent_observed_0_to_1,right_censored,
NDX-CAND-2178383DC4130D39,AMLN-201208,2006-01-09,2008-12-19,AMLN-201208.csv,1,2006-01-06,2008-12-22,adjacent_observed_0_to_1,adjacent_observed_1_to_0,
NDX-CAND-D5B6347CE64C6BC5,AMZN,1998-12-21,2026-08-04,AMZN.csv,1,1998-12-18,,adjacent_observed_0_to_1,right_censored,
NDX-CAND-C8380D9CD5166EF9,AN,1996-08-02,1997-06-11,AN.csv,1,1996-08-01,1997-06-12,adjacent_observed_0_to_1,adjacent_observed_1_to_0,
NDX-CAND-8B324705B3BCAE6F,ANDW-200712,1993-10-01,1993-10-25,ANDW-200712.csv,1,1993-09-30,1993-10-26,adjacent_observed_0_to_1,adjacent_observed_1_to_0,
NDX-CAND-8B324705B3BCAE6F,ANDW-200712,1994-12-19,1999-12-17,ANDW-200712.csv,2,1994-12-16,1999-12-20,adjacent_observed_0_to_1,adjacent_observed_1_to_0,
NDX-CAND-E42ABB9DF5DAC025,ANSS-202507,2019-12-23,2025-07-16,ANSS-202507.csv,1,2019-12-20,,adjacent_observed_0_to_1,right_censored,
NDX-CAND-6026D020CEF48815,APCC-200702,1993-10-26,2000-12-15,APCC-200702.csv,1,1993-10-25,2000-12-18,adjacent_observed_0_to_1,adjacent_observed_1_to_0,
NDX-CAND-6026D020CEF48815,APCC-200702,2002-12-23,2007-02-13,APCC-200702.csv,2,2002-12-20,2007-02-14,adjacent_observed_0_to_1,adjacent_observed_1_to_0,
NDX-CAND-2FF24E60DFB9E689,APOL-201702,1998-01-07,2000-12-15,APOL-201702.csv,1,1998-01-06,2000-12-18,adjacent_observed_0_to_1,adjacent_observed_1_to_0,
NDX-CAND-2FF24E60DFB9E689,APOL-201702,2001-12-17,2012-12-21,APOL-201702.csv,2,2001-12-14,2012-12-24,adjacent_observed_0_to_1,adjacent_observed_1_to_0,
NDX-CAND-55782F4CF0344115,APP,2024-11-18,2026-08-04,APP.csv,1,2024-11-15,,adjacent_observed_0_to_1,right_censored,
NDX-CAND-602834C5B4C0E124,ARBA-201209,2000-10-27,2001-12-21,ARBA-201209.csv,1,2000-10-26,2001-12-24,adjacent_observed_0_to_1,adjacent_observed_1_to_0,
NDX-CAND-FFBEBABAA4CF01DC,ARM,2024-06-24,2026-08-04,ARM.csv,1,2024-06-21,,adjacent_observed_0_to_1,right_censored,
NDX-CAND-FC4116EC32D91C34,ASAI-199905,1993-10-26,1996-12-20,ASAI-199905.csv,1,1993-10-25,1996-12-23,adjacent_observed_0_to_1,adjacent_observed_1_to_0,
NDX-CAND-D9679ABABD1894B9,ASCL-200504,1993-10-26,1998-01-06,ASCL-200504.csv,1,1993-10-25,1998-01-07,adjacent_observed_0_to_1,adjacent_observed_1_to_0,
NDX-CAND-A4D90506FB77C339,ASML,2017-12-18,2026-08-04,ASML.csv,1,2017-12-15,,adjacent_observed_0_to_1,right_censored,
NDX-CAND-4DA4A5489898F412,ASND-199906,1996-07-10,1999-06-24,ASND-199906.csv,1,1996-07-09,,adjacent_observed_0_to_1,right_censored,
NDX-CAND-B4F6A4428F8A25F3,ASTA-199708,1993-10-01,1995-12-15,ASTA-199708.csv,1,1993-09-30,1995-12-18,adjacent_observed_0_to_1,adjacent_observed_1_to_0,
NDX-CAND-6552964E16BD3B1C,ATHMQ-200211,1999-03-10,2001-09-28,ATHMQ-200211.csv,1,1999-03-09,2001-10-23,adjacent_observed_0_to_1,interval_censored_1_to_0,
NDX-CAND-CEC5B108A4C1875C,ATML-201604,1994-12-19,2002-12-20,ATML-201604.csv,1,1994-12-16,2002-12-23,adjacent_observed_0_to_1,adjacent_observed_1_to_0,
NDX-CAND-53B2E71AE0216E71,ATVI-202310,2005-12-19,2023-07-14,ATVI-202310.csv,1,2005-12-16,2023-07-17,adjacent_observed_0_to_1,adjacent_observed_1_to_0,
NDX-CAND-DD49A4F52C995956,ATYT-200610,2003-12-22,2006-10-23,ATYT-200610.csv,1,2003-12-19,2006-10-24,adjacent_observed_0_to_1,adjacent_observed_1_to_0,
NDX-CAND-81AC09A3A7BB8E53,AVGO,2011-12-19,2026-08-04,AVGO.csv,1,2011-12-16,,adjacent_observed_0_to_1,right_censored,
NDX-CAND-D127A635CDDFA976,AW-200812,1998-01-07,1998-12-29,AW-200812.csv,1,1998-01-06,1998-12-30,adjacent_observed_0_to_1,adjacent_observed_1_to_0,
NDX-CAND-55A10150E3C775E2,AXON,2024-12-23,2026-08-04,AXON.csv,1,2024-12-20,,adjacent_observed_0_to_1,right_censored,
NDX-CAND-F65177D357DFA5D2,AZN-202601,2022-02-22,2026-01-16,AZN-202601.csv,1,2022-02-18,2026-01-20,adjacent_observed_0_to_1,adjacent_observed_1_to_0,
NDX-CAND-17CCEDB654D9EE08,BATRA,2016-04-18,2016-06-17,BATRA.csv,1,,2016-06-20,left_censored,adjacent_observed_1_to_0,
NDX-CAND-ACE66033CDF77ECA,BATRK,2016-04-18,2016-06-17,BATRK.csv,1,,2016-06-20,left_censored,adjacent_observed_1_to_0,
NDX-CAND-04EC8DDB1D6028AA,BAY-199808,1993-10-26,1996-02-28,BAY-199808.csv,1,1993-10-25,1996-02-29,adjacent_observed_0_to_1,adjacent_observed_1_to_0,
NDX-CAND-0A29802F43A69687,BB,2003-12-22,2012-12-21,BB.csv,1,2003-12-19,2012-12-24,adjacent_observed_0_to_1,adjacent_observed_1_to_0,
NDX-CAND-FCCF9CA55917EFD5,BBBYQ-202309,1996-12-23,2016-12-16,BBBYQ-202309.csv,1,1996-12-20,2016-12-19,adjacent_observed_0_to_1,adjacent_observed_1_to_0,
NDX-CAND-00D8AD6F1F75D93F,BCHXQ-200911,1995-12-18,1998-01-06,BCHXQ-200911.csv,1,1995-12-15,1998-01-07,adjacent_observed_0_to_1,adjacent_observed_1_to_0,
NDX-CAND-D9A54534E8F5BBE2,BEAS-200804,2000-12-18,2008-04-28,BEAS-200804.csv,1,2000-12-15,,adjacent_observed_0_to_1,right_censored,
NDX-CAND-C225764885E649EC,BGEN-200311,1993-10-01,2003-11-12,BGEN-200311.csv,1,1993-09-30,,adjacent_observed_0_to_1,right_censored,
NDX-CAND-03F5D2483A315320,BIDU,2007-12-04,2022-12-16,BIDU.csv,1,2007-12-03,2022-12-19,adjacent_observed_0_to_1,adjacent_observed_1_to_0,
NDX-CAND-D4E04C926A4CAD56,BIIB,2000-12-18,2025-12-19,BIIB.csv,1,2000-12-15,2025-12-22,adjacent_observed_0_to_1,adjacent_observed_1_to_0,2006-03-07;2006-03-08;2020-11-06;2023-06-09
NDX-CAND-1392DA02C5C910B7,BKNG,2009-10-29,2026-08-04,BKNG.csv,1,2009-10-28,,adjacent_observed_0_to_1,right_censored,
NDX-CAND-BCC0EE18EBEC770F,BKR,2022-12-19,2026-08-04,BKR.csv,1,2022-12-16,,adjacent_observed_0_to_1,right_censored,
NDX-CAND-21506C5E4BCBC2BB,BMC-201309,1993-10-01,2001-03-12,BMC-201309.csv,1,1993-09-30,2001-03-13,adjacent_observed_0_to_1,adjacent_observed_1_to_0,
NDX-CAND-21506C5E4BCBC2BB,BMC-201309,2009-12-22,2013-07-24,BMC-201309.csv,2,2009-12-21,2013-07-25,adjacent_observed_0_to_1,adjacent_observed_1_to_0,
NDX-CAND-A86929308497F91A,BMET-200709,1993-10-01,2007-07-11,BMET-200709.csv,1,1993-09-30,2007-07-12,adjacent_observed_0_to_1,adjacent_observed_1_to_0,
NDX-CAND-C8FAB2C8E1BE2A5C,BMRN,2015-07-27,2020-12-18,BMRN.csv,1,2015-07-24,2020-12-21,adjacent_observed_0_to_1,adjacent_observed_1_to_0,2015-11-24
NDX-CAND-C66EA68FAE096281,BOBE-201801,1993-10-01,1996-12-20,BOBE-201801.csv,1,1993-09-30,1996-12-23,adjacent_observed_0_to_1,adjacent_observed_1_to_0,
NDX-CAND-78C12D316AE8CF04,BRCD-201711,2001-02-13,2003-12-19,BRCD-201711.csv,1,2001-02-12,2003-12-22,adjacent_observed_0_to_1,adjacent_observed_1_to_0,
NDX-CAND-B436020A18B8DC2D,BRCM-201601,2000-10-30,2015-11-10,BRCM-201601.csv,1,2000-10-27,2015-11-11,adjacent_observed_0_to_1,adjacent_observed_1_to_0,
NDX-CAND-86055CFBD664A75F,BRNO-199508,1993-10-01,1995-08-17,BRNO-199508.csv,1,1993-09-30,,adjacent_observed_0_to_1,right_censored,
NDX-CAND-CF7FA2EAE0B292AF,BSET,1993-10-01,1993-10-25,BSET.csv,1,1993-09-30,1993-10-26,adjacent_observed_0_to_1,adjacent_observed_1_to_0,
NDX-CAND-856DB388979CD47F,BVSN-202005,1999-12-20,2001-12-21,BVSN-202005.csv,1,1999-12-17,2001-12-24,adjacent_observed_0_to_1,adjacent_observed_1_to_0,
NDX-CAND-99EEDF9F7426FB76,CA-201811,2008-05-19,2018-11-02,CA-201811.csv,1,2008-05-16,,adjacent_observed_0_to_1,right_censored,
NDX-CAND-98C1ACAC4F97B6FC,CATP-200107,1998-01-07,1999-12-17,CATP-200107.csv,1,1998-01-06,1999-12-20,adjacent_observed_0_to_1,adjacent_observed_1_to_0,
NDX-CAND-01B13BDE45252303,CBB-199801,1993-10-01,1995-11-24,CBB-199801.csv,1,1993-09-30,1995-11-27,adjacent_observed_0_to_1,adjacent_observed_1_to_0,
NDX-CAND-6E2AF42B446D9582,CBRL,1993-10-01,1999-12-17,CBRL.csv,1,1993-09-30,1999-12-20,adjacent_observed_0_to_1,adjacent_observed_1_to_0,
NDX-CAND-09723D51A5E913AA,CCEP,2023-12-18,2026-08-04,CCEP.csv,1,2023-12-15,,adjacent_observed_0_to_1,right_censored,
NDX-CAND-EF5E1256FEF11E66,CCHIA-199601,1993-10-01,1993-10-25,CCHIA-199601.csv,1,1993-09-30,1993-10-26,adjacent_observed_0_to_1,adjacent_observed_1_to_0,
NDX-CAND-34BB6EF7F4AF0BB0,CDNS,2005-12-19,2008-12-19,CDNS.csv,1,2005-12-16,2008-12-22,adjacent_observed_0_to_1,adjacent_observed_1_to_0,
NDX-CAND-34BB6EF7F4AF0BB0,CDNS,2017-12-18,2026-08-04,CDNS.csv,2,2017-12-15,,adjacent_observed_0_to_1,right_censored,
NDX-CAND-69F905493512A933,CDP-200008,1993-10-01,1994-08-11,CDP-200008.csv,1,1993-09-30,1994-08-12,adjacent_observed_0_to_1,adjacent_observed_1_to_0,
NDX-CAND-2262761D44A6EFCC,CDW,2019-12-23,2021-12-17,CDW.csv,1,2019-12-20,2021-12-20,adjacent_observed_0_to_1,adjacent_observed_1_to_0,
NDX-CAND-2262761D44A6EFCC,CDW,2023-12-18,2025-12-19,CDW.csv,2,2023-12-15,2025-12-22,adjacent_observed_0_to_1,adjacent_observed_1_to_0,
NDX-CAND-86BF1994EDF618E8,CDWC-200710,2001-12-24,2007-10-05,CDWC-200710.csv,1,2001-12-21,2007-10-08,adjacent_observed_0_to_1,adjacent_observed_1_to_0,
NDX-CAND-136AF61E3B26C149,CE-200402,1996-12-23,2002-11-06,CE-200402.csv,1,1996-12-20,2002-11-07,adjacent_observed_0_to_1,adjacent_observed_1_to_0,
NDX-CAND-E34DEDFA87CD370A,CEG,2022-02-02,2026-08-04,CEG.csv,1,2022-02-01,,adjacent_observed_0_to_1,right_censored,
NDX-CAND-5E752CAD5EE5D4E1,CELG-201911,2005-07-01,2019-11-20,CELG-201911.csv,1,2005-06-30,,adjacent_observed_0_to_1,right_censored,
NDX-CAND-91A098491484E396,CEPH-201110,2001-12-24,2004-12-17,CEPH-201110.csv,1,2001-12-21,2004-12-20,adjacent_observed_0_to_1,adjacent_observed_1_to_0,
NDX-CAND-91A098491484E396,CEPH-201110,2007-06-01,2011-07-14,CEPH-201110.csv,2,2007-05-31,2011-07-15,adjacent_observed_0_to_1,adjacent_observed_1_to_0,
NDX-CAND-EEA053E7375B6F28,CERN-202206,2009-07-17,2021-12-17,CERN-202206.csv,1,2009-07-16,2021-12-20,adjacent_observed_0_to_1,adjacent_observed_1_to_0,
NDX-CAND-A8FD191BBEDA89A2,CEXP-199910,1996-12-23,1999-10-26,CEXP-199910.csv,1,1996-12-20,1999-10-27,adjacent_observed_0_to_1,adjacent_observed_1_to_0,
NDX-CAND-3A29C56C9C0B916A,CHIR-200604,1993-10-01,2006-04-19,CHIR-200604.csv,1,1993-09-30,,adjacent_observed_0_to_1,right_censored,1996-06-07;1997-05-08
NDX-CAND-1904060EF35EFCD4,CHKP,2000-12-18,2021-12-17,CHKP.csv,1,2000-12-15,2021-12-20,adjacent_observed_0_to_1,adjacent_observed_1_to_0,
NDX-CAND-894D4493A2722A82,CHRS-201206,1993-10-01,1995-12-15,CHRS-201206.csv,1,1993-09-30,1995-12-18,adjacent_observed_0_to_1,adjacent_observed_1_to_0,
NDX-CAND-4CF7A18661E7CC70,CHRW,2002-12-23,2015-12-18,CHRW.csv,1,2002-12-20,2015-12-21,adjacent_observed_0_to_1,adjacent_observed_1_to_0,
NDX-CAND-0E7E7C30F6397B48,CHTR,2013-07-25,2026-06-18,CHTR.csv,1,2013-07-24,2026-06-22,adjacent_observed_0_to_1,adjacent_observed_1_to_0,
NDX-CAND-B658345D8F93B5C4,CHTRQ-200911,2001-12-24,2002-12-20,CHTRQ-200911.csv,1,2001-12-21,2002-12-23,adjacent_observed_0_to_1,adjacent_observed_1_to_0,
NDX-CAND-396BDB870D2B812A,CIEN,1999-08-04,2003-12-19,CIEN.csv,1,1999-08-03,2003-12-22,adjacent_observed_0_to_1,adjacent_observed_1_to_0,
NDX-CAND-53CB6D8E00B4BB6C,CKFR-200712,2005-12-19,2007-12-03,CKFR-200712.csv,1,2005-12-16,,adjacent_observed_0_to_1,right_censored,
NDX-CAND-FAC944695CD95E18,CMCSA,2002-11-19,2026-08-04,CMCSA.csv,1,2002-11-18,,adjacent_observed_0_to_1,right_censored,
NDX-CAND-78193B6A99ABA8B2,CMCSK-201512,1993-10-01,2002-11-18,CMCSK-201512.csv,1,1993-09-30,2002-11-19,adjacent_observed_0_to_1,adjacent_observed_1_to_0,
NDX-CAND-78193B6A99ABA8B2,CMCSK-201512,2014-12-22,2015-12-11,CMCSK-201512.csv,2,2014-12-19,,adjacent_observed_0_to_1,right_censored,
NDX-CAND-DAA9AB5A1CF53977,CMVT-201302,1999-01-13,2007-01-31,CMVT-201302.csv,1,1999-01-12,2007-02-01,adjacent_observed_0_to_1,adjacent_observed_1_to_0,
NDX-CAND-A9A4782D21144922,CNET-200806,1999-05-25,2001-12-21,CNET-200806.csv,1,1999-05-24,2001-12-24,adjacent_observed_0_to_1,adjacent_observed_1_to_0,
NDX-CAND-7DAEAD10D23B662F,CNTO-199910,1993-10-01,1999-10-05,CNTO-199910.csv,1,1993-09-30,1999-10-06,adjacent_observed_0_to_1,adjacent_observed_1_to_0,
NDX-CAND-4DC63CD65B120C4B,CNXT-201104,1999-07-14,2002-12-20,CNXT-201104.csv,1,1999-07-13,2002-12-23,adjacent_observed_0_to_1,adjacent_observed_1_to_0,
NDX-CAND-5E0D2D2B293BB7B3,COMMA-199608,1993-10-01,1993-10-25,COMMA-199608.csv,1,1993-09-30,1993-10-26,adjacent_observed_0_to_1,adjacent_observed_1_to_0,
NDX-CAND-FC7674BE282F0DC0,COMR-200001,1998-12-21,1999-11-19,COMR-200001.csv,1,1998-12-18,1999-11-22,adjacent_observed_0_to_1,adjacent_observed_1_to_0,
NDX-CAND-EE9F1AC3E5882A2D,COMS-201004,1993-10-01,2001-12-21,COMS-201004.csv,1,1993-09-30,2001-12-24,adjacent_observed_0_to_1,adjacent_observed_1_to_0,
NDX-CAND-D9F281C616A6A07C,COST,1993-10-22,2026-08-04,COST.csv,1,1993-10-21,,adjacent_observed_0_to_1,right_censored,
NDX-CAND-DC765582EAD01F3F,CPRT,2019-12-23,2026-08-04,CPRT.csv,1,2019-12-20,,adjacent_observed_0_to_1,right_censored,
NDX-CAND-99F92AA54F5F458F,CPWR-201412,1994-11-25,2004-12-17,CPWR-201412.csv,1,1994-11-23,2004-12-20,adjacent_observed_0_to_1,adjacent_observed_1_to_0,
NDX-CAND-93D33C9D31C20ED4,CRUS,1993-10-26,1998-01-06,CRUS.csv,1,1993-10-25,1998-01-07,adjacent_observed_0_to_1,adjacent_observed_1_to_0,
NDX-CAND-C9D0C949EA70F2B1,CRWD,2021-08-26,2026-08-04,CRWD.csv,1,2021-08-25,,adjacent_observed_0_to_1,right_censored,
NDX-CAND-B44B8BDB986C16E2,CRWV,2026-06-22,2026-08-04,CRWV.csv,1,2026-06-18,,adjacent_observed_0_to_1,right_censored,
NDX-CAND-3EBED84206435182,CSCC-199706,1996-07-17,1997-06-30,CSCC-199706.csv,1,1996-07-16,,adjacent_observed_0_to_1,right_censored,
NDX-CAND-87E551EBBD847170,CSCO,1993-10-01,2026-08-04,CSCO.csv,1,1993-09-30,,adjacent_observed_0_to_1,right_censored,
NDX-CAND-E222BCBDDC0EBBE0,CSGP,2019-12-23,2020-07-17,CSGP.csv,1,2019-12-20,2020-07-20,adjacent_observed_0_to_1,adjacent_observed_1_to_0,
NDX-CAND-E222BCBDDC0EBBE0,CSGP,2022-12-19,2026-05-15,CSGP.csv,2,2022-12-16,2026-05-18,adjacent_observed_0_to_1,adjacent_observed_1_to_0,
NDX-CAND-3BDCBD43D2BE0C93,CSX,2016-02-22,2026-08-04,CSX.csv,1,2016-02-19,,adjacent_observed_0_to_1,right_censored,
NDX-CAND-DE6C81F894443C0B,CTAS,1993-10-01,2010-12-17,CTAS.csv,1,1993-09-30,2010-12-20,adjacent_observed_0_to_1,adjacent_observed_1_to_0,
NDX-CAND-DE6C81F894443C0B,CTAS,2016-12-19,2026-08-04,CTAS.csv,2,2016-12-16,,adjacent_observed_0_to_1,right_censored,
NDX-CAND-B1D44581BC5F6728,CTRX-201507,2012-12-24,2015-07-23,CTRX-201507.csv,1,2012-12-21,,adjacent_observed_0_to_1,right_censored,
NDX-CAND-A3B593B810D2BE86,CTSH,2004-12-29,2026-06-18,CTSH.csv,1,2004-12-28,2026-06-22,adjacent_observed_0_to_1,adjacent_observed_1_to_0,
NDX-CAND-F285C2C7A461ED89,CTXS-202209,1998-01-07,2020-12-18,CTXS-202209.csv,1,1998-01-06,2020-12-21,adjacent_observed_0_to_1,adjacent_observed_1_to_0,
NDX-CAND-0DE91D8909BBB775,CYTC-200710,2001-12-24,2002-12-20,CYTC-200710.csv,1,2001-12-21,2002-12-23,adjacent_observed_0_to_1,adjacent_observed_1_to_0,
NDX-CAND-8150ACBAB80E7B90,DASH,2023-12-18,2026-08-04,DASH.csv,1,2023-12-15,,adjacent_observed_0_to_1,right_censored,
NDX-CAND-4B852114B2BDDD2F,DDOG,2021-12-20,2026-08-04,DDOG.csv,1,2021-12-17,,adjacent_observed_0_to_1,right_censored,
NDX-CAND-8AC61B84EF984952,DELL-201310,1993-10-01,2013-10-28,DELL-201310.csv,1,1993-09-30,2013-10-29,adjacent_observed_0_to_1,adjacent_observed_1_to_0,
NDX-CAND-B21FCBA7B1C4B386,DG-200707,1993-10-01,1995-01-26,DG-200707.csv,1,1993-09-30,1995-01-27,adjacent_observed_0_to_1,adjacent_observed_1_to_0,
NDX-CAND-4BDF9BCFD3C4EF40,DIGI-199809,1993-10-01,1998-08-27,DIGI-199809.csv,1,1993-09-30,1998-08-28,adjacent_observed_0_to_1,adjacent_observed_1_to_0,
NDX-CAND-410DC0E43C24D660,DISCK-202204,2014-08-07,2017-12-15,DISCK-202204.csv,1,2014-08-06,2017-12-18,adjacent_observed_0_to_1,adjacent_observed_1_to_0,
NDX-CAND-F9A34FE1EC185E20,DISH-202312,1999-12-20,2010-12-17,DISH-202312.csv,1,1999-12-17,2010-12-20,adjacent_observed_0_to_1,adjacent_observed_1_to_0,
NDX-CAND-F9A34FE1EC185E20,DISH-202312,2013-12-23,2018-07-20,DISH-202312.csv,2,2013-12-20,2018-07-23,adjacent_observed_0_to_1,adjacent_observed_1_to_0,
NDX-CAND-DA39A3A6819A3919,DLTR,1998-12-21,2000-12-15,DLTR.csv,1,1998-12-18,2000-12-18,adjacent_observed_0_to_1,adjacent_observed_1_to_0,
NDX-CAND-DA39A3A6819A3919,DLTR,2002-06-03,2005-12-16,DLTR.csv,2,2002-05-31,2005-12-19,adjacent_observed_0_to_1,adjacent_observed_1_to_0,
NDX-CAND-DA39A3A6819A3919,DLTR,2010-12-20,2024-11-15,DLTR.csv,3,2010-12-17,2024-11-18,adjacent_observed_0_to_1,adjacent_observed_1_to_0,
NDX-CAND-3C0A04DE1D89B34D,DOCU,2020-06-22,2022-12-16,DOCU.csv,1,2020-06-19,2022-12-19,adjacent_observed_0_to_1,adjacent_observed_1_to_0,
NDX-CAND-BEB43A10EDF1DA9C,DODV-200005,1993-10-01,1993-10-25,DODV-200005.csv,1,1993-09-30,1993-10-26,adjacent_observed_0_to_1,adjacent_observed_1_to_0,
NDX-CAND-6959BDFE4A4E0E65,DTV-201507,2008-04-30,2015-07-24,DTV-201507.csv,1,2008-04-29,,adjacent_observed_0_to_1,right_censored,
NDX-CAND-50DFB85F933B3FDA,DURA-200011,1998-01-07,1998-12-18,DURA-200011.csv,1,1998-01-06,1998-12-21,adjacent_observed_0_to_1,adjacent_observed_1_to_0,
NDX-CAND-A4917E7E18503F1D,DXCM,2020-04-20,2026-08-04,DXCM.csv,1,2020-04-17,,adjacent_observed_0_to_1,right_censored,
NDX-CAND-35363CE007C0D492,DZB-200104,1993-10-01,1999-09-08,DZB-200104.csv,1,1993-09-30,1999-09-09,adjacent_observed_0_to_1,adjacent_observed_1_to_0,
NDX-CAND-F3ECDFCC7340495D,EA,1993-10-26,2012-12-21,EA.csv,1,1993-10-25,2012-12-24,adjacent_observed_0_to_1,adjacent_observed_1_to_0,
NDX-CAND-F3ECDFCC7340495D,EA,2014-12-22,2026-08-04,EA.csv,2,2014-12-19,,adjacent_observed_0_to_1,right_censored,
NDX-CAND-7B0A4EE95D8EF373,EBAY,1999-10-06,2023-12-15,EBAY.csv,1,1999-10-05,2023-12-18,adjacent_observed_0_to_1,adjacent_observed_1_to_0,
NDX-CAND-7FAB777283F39071,EDCI-202003,1995-10-03,1998-01-06,EDCI-202003.csv,1,1995-10-02,1998-01-07,adjacent_observed_0_to_1,adjacent_observed_1_to_0,
NDX-CAND-6F618B9991A18840,EFII-201907,1996-12-23,1999-12-17,EFII-201907.csv,1,1996-12-20,1999-12-20,adjacent_observed_0_to_1,adjacent_observed_1_to_0,
NDX-CAND-A43ECEBE104D2017,ENDPQ-202405,2015-12-21,2016-07-15,ENDPQ-202405.csv,1,2015-12-18,2016-07-18,adjacent_observed_0_to_1,adjacent_observed_1_to_0,
NDX-CAND-545BC5657F0603E7,ENPH,2022-11-21,2023-12-15,ENPH.csv,1,2022-11-18,2023-12-18,adjacent_observed_0_to_1,adjacent_observed_1_to_0,
NDX-CAND-0C02821EFE383DC9,EQIX,2012-12-24,2015-03-20,EQIX.csv,1,2012-12-21,2015-03-23,adjacent_observed_0_to_1,adjacent_observed_1_to_0,
NDX-CAND-CCA1F1F3D0CF6D10,ERIC,1998-01-07,2003-12-19,ERIC.csv,1,1998-01-06,2003-12-22,adjacent_observed_0_to_1,adjacent_observed_1_to_0,
NDX-CAND-CCA1F1F3D0CF6D10,ERIC,2004-12-20,2007-12-21,ERIC.csv,2,2004-12-17,2007-12-24,adjacent_observed_0_to_1,adjacent_observed_1_to_0,
NDX-CAND-216C2A1C47D93D33,ESND-201901,1993-10-01,1993-10-25,ESND-201901.csv,1,1993-09-30,1993-10-26,adjacent_observed_0_to_1,adjacent_observed_1_to_0,
NDX-CAND-B19B4C4EF44339C9,ESRX-201812,2001-12-24,2018-12-20,ESRX-201812.csv,1,2001-12-21,,adjacent_observed_0_to_1,right_censored,
NDX-CAND-2466960DB0F886FB,EXC,2019-11-21,2026-08-04,EXC.csv,1,2019-11-20,,adjacent_observed_0_to_1,right_censored,
NDX-CAND-9849B63CE48CA8A6,EXDS-200109,2000-12-18,2001-09-25,EXDS-200109.csv,1,2000-12-15,,adjacent_observed_0_to_1,right_censored,
NDX-CAND-51BDDAD0E1CA4938,EXPD,2002-12-23,2015-12-18,EXPD.csv,1,2002-12-20,2015-12-21,adjacent_observed_0_to_1,adjacent_observed_1_to_0,
NDX-CAND-C9077C3796070FE9,EXPE,2005-12-19,2014-12-19,EXPE.csv,1,2005-12-16,2014-12-22,adjacent_observed_0_to_1,adjacent_observed_1_to_0,
NDX-CAND-C9077C3796070FE9,EXPE,2015-12-21,2020-12-18,EXPE.csv,2,2015-12-18,2020-12-21,adjacent_observed_0_to_1,adjacent_observed_1_to_0,
NDX-CAND-11AC837D6ADD9840,EYE-200505,1999-06-10,2000-09-06,EYE-200505.csv,1,1999-06-09,2000-09-07,adjacent_observed_0_to_1,adjacent_observed_1_to_0,
NDX-CAND-61460D91778634C0,FANG,2022-12-19,2026-08-04,FANG.csv,1,2022-12-16,,adjacent_observed_0_to_1,right_censored,
NDX-CAND-9E976F409C0D8BB1,FAST,1996-12-31,1999-12-17,FAST.csv,1,1996-12-30,1999-12-20,adjacent_observed_0_to_1,adjacent_observed_1_to_0,
NDX-CAND-9E976F409C0D8BB1,FAST,2002-12-23,2026-08-04,FAST.csv,2,2002-12-20,,adjacent_observed_0_to_1,right_censored,
NDX-CAND-806C779AD6F26140,FER,2025-12-22,2026-08-04,FER.csv,1,2025-12-19,,adjacent_observed_0_to_1,right_censored,
NDX-CAND-5023F2DA2F2A8495,FFIV,2010-12-20,2014-12-19,FFIV.csv,1,2010-12-17,2014-12-22,adjacent_observed_0_to_1,adjacent_observed_1_to_0,
NDX-CAND-FF3D901E0B3B86D7,FHCC-200501,1993-10-01,1999-12-17,FHCC-200501.csv,1,1993-09-30,1999-12-20,adjacent_observed_0_to_1,adjacent_observed_1_to_0,
NDX-CAND-FF3D901E0B3B86D7,FHCC-200501,2002-12-23,2004-12-17,FHCC-200501.csv,2,2002-12-20,2004-12-20,adjacent_observed_0_to_1,adjacent_observed_1_to_0,
NDX-CAND-68F64734FE0C487E,FISV,1996-12-23,2023-06-06,FISV.csv,1,1996-12-20,2023-06-07,adjacent_observed_0_to_1,adjacent_observed_1_to_0,
NDX-CAND-C4E28E56DD6E5EEA,FLEX,2000-12-18,2012-12-21,FLEX.csv,1,2000-12-15,2012-12-24,adjacent_observed_0_to_1,adjacent_observed_1_to_0,
NDX-CAND-140C82C352F576D4,FLIR-202105,2008-07-21,2011-12-16,FLIR-202105.csv,1,2008-07-18,2011-12-19,adjacent_observed_0_to_1,adjacent_observed_1_to_0,
NDX-CAND-8B425B0DF7A0E1AF,FMCN-201305,2007-12-24,2009-01-16,FMCN-201305.csv,1,2007-12-21,2009-01-20,adjacent_observed_0_to_1,adjacent_observed_1_to_0,
NDX-CAND-E8C147E4D45683C9,FORE-199906,1996-09-30,1999-05-27,FORE-199906.csv,1,1996-09-27,1999-05-28,adjacent_observed_0_to_1,adjacent_observed_1_to_0,
NDX-CAND-8B356B2DB0D5A2B4,FORT-199708,1996-12-23,1997-08-12,FORT-199708.csv,1,1996-12-20,1997-08-13,adjacent_observed_0_to_1,adjacent_observed_1_to_0,
NDX-CAND-017FF70189E71BBF,FOSL,2011-12-19,2013-12-20,FOSL.csv,1,2011-12-16,2013-12-23,adjacent_observed_0_to_1,adjacent_observed_1_to_0,
NDX-CAND-A2801B7CD82662B4,FOX,2019-03-19,2021-12-17,FOX.csv,1,2019-03-18,2021-12-20,adjacent_observed_0_to_1,adjacent_observed_1_to_0,
NDX-CAND-72D01950F7481D15,FOXA,2019-03-19,2021-12-17,FOXA.csv,1,2019-03-18,2021-12-20,adjacent_observed_0_to_1,adjacent_observed_1_to_0,
NDX-CAND-AD58F6E68CF1BB90,FSLR,2008-12-22,2012-04-20,FSLR.csv,1,2008-12-19,2012-04-23,adjacent_observed_0_to_1,adjacent_observed_1_to_0,
NDX-CAND-48EFD69E2EDBEE98,FTNT,2021-12-20,2026-08-04,FTNT.csv,1,2021-12-17,,adjacent_observed_0_to_1,right_censored,
NDX-CAND-362356D8AFE637F6,FWLT-201412,2007-07-12,2010-12-17,FWLT-201412.csv,1,2007-07-11,2010-12-20,adjacent_observed_0_to_1,adjacent_observed_1_to_0,
NDX-CAND-DCDE04BB4DD59ACB,GBLXQ-200312,1999-09-09,2000-11-03,GBLXQ-200312.csv,1,1999-09-08,2000-11-06,adjacent_observed_0_to_1,adjacent_observed_1_to_0,
NDX-CAND-8309E44B56091D30,GEHC,2023-06-07,2026-08-04,GEHC.csv,1,2023-06-06,,adjacent_observed_0_to_1,right_censored,
NDX-CAND-0562C01D9B42568F,GEN,1993-10-01,1993-10-25,GEN.csv,1,1993-09-30,1993-10-26,adjacent_observed_0_to_1,adjacent_observed_1_to_0,
NDX-CAND-0562C01D9B42568F,GEN,2001-12-24,2019-12-20,GEN.csv,2,2001-12-21,2019-12-23,adjacent_observed_0_to_1,adjacent_observed_1_to_0,
NDX-CAND-EAED9DCEC3A885B9,GENZ-201104,1993-10-01,2011-04-01,GENZ-201104.csv,1,1993-09-30,2011-04-04,adjacent_observed_0_to_1,adjacent_observed_1_to_0,
NDX-CAND-580D10AA468FA3B5,GFS,2022-12-19,2025-12-19,GFS.csv,1,2022-12-16,2025-12-22,adjacent_observed_0_to_1,adjacent_observed_1_to_0,
NDX-CAND-A9A89DBFDE86670D,GIBG-200003,1993-10-01,1993-10-25,GIBG-200003.csv,1,1993-09-30,1993-10-26,adjacent_observed_0_to_1,adjacent_observed_1_to_0,
NDX-CAND-F42D2900CBDC554C,GIDL-199709,1993-10-26,1996-12-20,GIDL-199709.csv,1,1993-10-25,1996-12-23,adjacent_observed_0_to_1,adjacent_observed_1_to_0,
NDX-CAND-7FC2D970ED6DE772,GILD,2001-10-05,2026-08-04,GILD.csv,1,2001-10-04,,adjacent_observed_0_to_1,right_censored,2002-08-06
NDX-CAND-E75DD04E94850F95,GMCR-201603,2011-05-27,2012-12-21,GMCR-201603.csv,1,2011-05-26,2012-12-24,adjacent_observed_0_to_1,adjacent_observed_1_to_0,
NDX-CAND-E75DD04E94850F95,GMCR-201603,2013-08-22,2015-12-18,GMCR-201603.csv,2,2013-08-21,2015-12-21,adjacent_observed_0_to_1,adjacent_observed_1_to_0,
NDX-CAND-4D7A49AB11C19CDD,GMST-200805,1999-12-30,2002-12-13,GMST-200805.csv,1,1999-12-29,2002-12-16,adjacent_observed_0_to_1,adjacent_observed_1_to_0,
NDX-CAND-135E080861ECBB20,GNCI-199908,1995-12-18,1998-12-18,GNCI-199908.csv,1,1995-12-15,1998-12-21,adjacent_observed_0_to_1,adjacent_observed_1_to_0,
NDX-CAND-05CDBB93F540D501,GNTX,2002-12-23,2004-12-17,GNTX.csv,1,2002-12-20,2004-12-20,adjacent_observed_0_to_1,adjacent_observed_1_to_0,
NDX-CAND-457B20F189FDB591,GOLD-201812,2011-12-19,2013-11-15,GOLD-201812.csv,1,2011-12-16,2013-11-18,adjacent_observed_0_to_1,adjacent_observed_1_to_0,
NDX-CAND-952AE32CE08441BA,GOOG,2014-04-03,2026-08-04,GOOG.csv,1,2014-04-02,,adjacent_observed_0_to_1,right_censored,
NDX-CAND-EED9CD6F3D87526D,GOOGL,2005-12-19,2026-08-04,GOOGL.csv,1,2005-12-16,,adjacent_observed_0_to_1,right_censored,
NDX-CAND-F7E963B7D5BF0438,GRMN,2003-12-22,2015-12-18,GRMN.csv,1,2003-12-19,2015-12-21,adjacent_observed_0_to_1,adjacent_observed_1_to_0,
NDX-CAND-2514EB953CB130FF,GTW-200710,1995-11-27,1997-05-21,GTW-200710.csv,1,1995-11-24,1997-05-22,adjacent_observed_0_to_1,adjacent_observed_1_to_0,
NDX-CAND-233B229FD81F2779,GULD-199705,1993-10-01,1993-10-25,GULD-199705.csv,1,1993-09-30,1993-10-26,adjacent_observed_0_to_1,adjacent_observed_1_to_0,
NDX-CAND-EC30A6BD2A2C2D0C,HAS,2016-12-19,2019-12-20,HAS.csv,1,2016-12-16,2019-12-23,adjacent_observed_0_to_1,adjacent_observed_1_to_0,
NDX-CAND-5638EA9D77611704,HBOC-199901,1993-10-01,1993-10-25,HBOC-199901.csv,1,1993-09-30,1993-10-26,adjacent_observed_0_to_1,adjacent_observed_1_to_0,
NDX-CAND-5638EA9D77611704,HBOC-199901,1995-03-06,1999-01-12,HBOC-199901.csv,2,1995-03-03,1999-01-13,adjacent_observed_0_to_1,adjacent_observed_1_to_0,
NDX-CAND-6F26F623BD63CB12,HGSI-201208,2000-12-18,2003-12-19,HGSI-201208.csv,1,2000-12-15,2003-12-22,adjacent_observed_0_to_1,adjacent_observed_1_to_0,
NDX-CAND-62670612E7F02E80,HNI,1993-10-01,1995-12-15,HNI.csv,1,1993-09-30,1995-12-18,adjacent_observed_0_to_1,adjacent_observed_1_to_0,1993-10-13
NDX-CAND-432B87654666D17D,HOLX-202604,2007-12-24,2010-12-17,HOLX-202604.csv,1,2007-12-21,2010-12-20,adjacent_observed_0_to_1,adjacent_observed_1_to_0,
NDX-CAND-432B87654666D17D,HOLX-202604,2016-12-19,2018-12-21,HOLX-202604.csv,2,2016-12-16,2018-12-24,adjacent_observed_0_to_1,adjacent_observed_1_to_0,
NDX-CAND-CFE4FF96AAEB3C86,HON,2021-07-21,2026-08-04,HON.csv,1,2021-07-20,,adjacent_observed_0_to_1,right_censored,
NDX-CAND-9E616228EA0B9E6E,HONA,2026-06-29,2026-08-04,HONA.csv,1,2026-06-26,,adjacent_observed_0_to_1,right_censored,
NDX-CAND-4E37E8DAB4598CB0,HSIC,2002-12-23,2004-12-17,HSIC.csv,1,2002-12-20,2004-12-20,adjacent_observed_0_to_1,adjacent_observed_1_to_0,
NDX-CAND-4E37E8DAB4598CB0,HSIC,2007-10-02,2019-12-20,HSIC.csv,2,2007-10-01,2019-12-23,adjacent_observed_0_to_1,adjacent_observed_1_to_0,
NDX-CAND-DE9BA50A6C9F8FCC,ICOS-200701,2001-12-24,2003-12-19,ICOS-200701.csv,1,2001-12-21,2003-12-22,adjacent_observed_0_to_1,adjacent_observed_1_to_0,
NDX-CAND-9047B6C61B6C4C8C,IDBX-199412,1993-10-26,1994-12-30,IDBX-199412.csv,1,1993-10-25,,adjacent_observed_0_to_1,right_censored,
NDX-CAND-0FBA9D81276A2413,IDTI-201903,2001-12-24,2002-12-20,IDTI-201903.csv,1,2001-12-21,2002-12-23,adjacent_observed_0_to_1,adjacent_observed_1_to_0,
NDX-CAND-80425F7FBE6BC43C,IDXX,1995-12-18,1998-01-06,IDXX.csv,1,1995-12-15,1998-01-07,adjacent_observed_0_to_1,adjacent_observed_1_to_0,
NDX-CAND-80425F7FBE6BC43C,IDXX,2017-03-20,2026-08-04,IDXX.csv,2,2017-03-17,,adjacent_observed_0_to_1,right_censored,
NDX-CAND-47E18B83E3B5095A,ILMN,2008-12-22,2011-12-16,ILMN.csv,1,2008-12-19,2011-12-19,adjacent_observed_0_to_1,adjacent_observed_1_to_0,
NDX-CAND-47E18B83E3B5095A,ILMN,2013-12-23,2024-12-20,ILMN.csv,2,2013-12-20,2024-12-23,adjacent_observed_0_to_1,adjacent_observed_1_to_0,
NDX-CAND-B3A910CFC350B367,IMCL-200811,2001-12-24,2002-12-20,IMCL-200811.csv,1,2001-12-21,2002-12-23,adjacent_observed_0_to_1,adjacent_observed_1_to_0,
NDX-CAND-F8D5E5A9E8F23CD5,IMNX-200207,1998-01-07,2002-07-12,IMNX-200207.csv,1,1998-01-06,2002-07-15,adjacent_observed_0_to_1,adjacent_observed_1_to_0,1998-09-16
NDX-CAND-536882BF6474FCDB,INCY,2015-10-07,2021-12-17,INCY.csv,1,2015-10-06,2021-12-20,adjacent_observed_0_to_1,adjacent_observed_1_to_0,
NDX-CAND-999F3AB3EB798144,INEL-199805,1993-10-26,1995-12-15,INEL-199805.csv,1,1993-10-25,1995-12-18,adjacent_observed_0_to_1,adjacent_observed_1_to_0,
NDX-CAND-4197779104650F6A,INFY,2006-12-18,2012-12-11,INFY.csv,1,2006-12-15,2012-12-12,adjacent_observed_0_to_1,adjacent_observed_1_to_0,
NDX-CAND-8AD602D5D27558D0,INGR-200611,1993-10-01,1993-10-25,INGR-200611.csv,1,1993-09-30,1993-10-26,adjacent_observed_0_to_1,adjacent_observed_1_to_0,
NDX-CAND-5C1D6B97B90F4E30,INKT-200303,2000-12-18,2001-12-21,INKT-200303.csv,1,2000-12-15,2001-12-24,adjacent_observed_0_to_1,adjacent_observed_1_to_0,
NDX-CAND-49ABB08A55796574,INSM,2025-12-22,2026-06-18,INSM.csv,1,2025-12-19,2026-06-22,adjacent_observed_0_to_1,adjacent_observed_1_to_0,
NDX-CAND-578C0E7114B7CB76,INTC,1993-10-01,2026-08-04,INTC.csv,1,1993-09-30,,adjacent_observed_0_to_1,right_censored,
NDX-CAND-6CD67B4900545B09,INTU,1995-11-27,1998-01-06,INTU.csv,1,1995-11-24,1998-01-07,adjacent_observed_0_to_1,adjacent_observed_1_to_0,
NDX-CAND-6CD67B4900545B09,INTU,1998-12-21,2026-08-04,INTU.csv,2,1998-12-18,,adjacent_observed_0_to_1,right_censored,
NDX-CAND-C8EF31A1A20CB61E,IRIC-200312,1993-10-26,1994-12-16,IRIC-200312.csv,1,1993-10-25,1994-12-19,adjacent_observed_0_to_1,adjacent_observed_1_to_0,
NDX-CAND-1C4B6B62C92A0874,ISIL-201702,2003-12-22,2005-12-16,ISIL-201702.csv,1,2003-12-19,2005-12-19,adjacent_observed_0_to_1,adjacent_observed_1_to_0,
NDX-CAND-9AAA7E035E99587A,ISRG,2006-02-01,2026-08-04,ISRG.csv,1,2006-01-31,,adjacent_observed_0_to_1,right_censored,
NDX-CAND-E413668D4E4163FB,IT,1995-12-18,1998-09-14,IT.csv,1,1995-12-15,1998-09-15,adjacent_observed_0_to_1,adjacent_observed_1_to_0,
NDX-CAND-98BBF3BB0782CDDA,ITWO-201001,1999-12-20,2002-12-20,ITWO-201001.csv,1,1999-12-17,2002-12-23,adjacent_observed_0_to_1,adjacent_observed_1_to_0,
NDX-CAND-D4A21B66075AB6BF,JAVA-201001,1993-10-01,2009-07-16,JAVA-201001.csv,1,1993-09-30,2009-07-17,adjacent_observed_0_to_1,adjacent_observed_1_to_0,
NDX-CAND-4A4F8603B235B105,JBHT,1993-10-26,1996-12-20,JBHT.csv,1,1993-10-25,1996-12-23,adjacent_observed_0_to_1,adjacent_observed_1_to_0,
NDX-CAND-4A4F8603B235B105,JBHT,2008-12-22,2010-12-17,JBHT.csv,2,2008-12-19,2010-12-20,adjacent_observed_0_to_1,adjacent_observed_1_to_0,
NDX-CAND-4A4F8603B235B105,JBHT,2017-02-07,2019-12-20,JBHT.csv,3,2017-02-06,2019-12-23,adjacent_observed_0_to_1,adjacent_observed_1_to_0,
NDX-CAND-053580B187230203,JCOR-199905,1998-01-07,1999-05-04,JCOR-199905.csv,1,1998-01-06,,adjacent_observed_0_to_1,right_censored,
NDX-CAND-828F9925CE63E01A,JD,2015-07-30,2023-12-15,JD.csv,1,2015-07-29,2023-12-18,adjacent_observed_0_to_1,adjacent_observed_1_to_0,
NDX-CAND-BFC9E9D6BBF6434D,JNPR-202507,2000-09-07,2009-10-28,JNPR-202507.csv,1,2000-09-06,2009-10-29,adjacent_observed_0_to_1,adjacent_observed_1_to_0,
NDX-CAND-D2EFC781EC2D2037,JOY-201704,2006-01-04,2011-12-05,JOY-201704.csv,1,2006-01-03,2011-12-06,adjacent_observed_0_to_1,adjacent_observed_1_to_0,
NDX-CAND-9D85CD0C81E83370,JWN-202505,1993-10-01,1999-06-09,JWN-202505.csv,1,1993-09-30,1999-06-10,adjacent_observed_0_to_1,adjacent_observed_1_to_0,
NDX-CAND-41D7FFA72D823790,KDP,2020-10-19,2026-08-04,KDP.csv,1,2020-10-16,,adjacent_observed_0_to_1,right_censored,
NDX-CAND-F940DF557587E944,KELYA,1993-10-01,1996-12-20,KELYA.csv,1,1993-09-30,1996-12-23,adjacent_observed_0_to_1,adjacent_observed_1_to_0,
NDX-CAND-B0CC31FD3EE74C41,KHC,2015-07-06,2026-08-04,KHC.csv,1,,,left_censored,right_censored,
NDX-CAND-CD62A0D2A1B1DB2C,KLAC,1993-10-01,1993-10-25,KLAC.csv,1,1993-09-30,1993-10-26,adjacent_observed_0_to_1,adjacent_observed_1_to_0,
NDX-CAND-CD62A0D2A1B1DB2C,KLAC,1995-02-27,2016-02-19,KLAC.csv,2,1995-02-24,2016-02-22,adjacent_observed_0_to_1,adjacent_observed_1_to_0,
NDX-CAND-CD62A0D2A1B1DB2C,KLAC,2016-12-19,2026-08-04,KLAC.csv,3,2016-12-16,,adjacent_observed_0_to_1,right_censored,
NDX-CAND-D45FA396EAC8B892,KMAGQ-200207,1996-12-23,1998-01-06,KMAGQ-200207.csv,1,1996-12-20,1998-01-07,adjacent_observed_0_to_1,adjacent_observed_1_to_0,
NDX-CAND-B79E3B26FBADF689,KRFT-201507,2013-03-18,2015-07-02,KRFT-201507.csv,1,2013-03-15,,adjacent_observed_0_to_1,right_censored,
NDX-CAND-3103B5353928158A,LAMR,2002-12-23,2008-12-19,LAMR.csv,1,2002-12-20,2008-12-22,adjacent_observed_0_to_1,adjacent_observed_1_to_0,
NDX-CAND-4ADD065EFCA93D4A,LBTYA,2004-12-20,2009-12-21,LBTYA.csv,1,2004-12-17,2009-12-22,adjacent_observed_0_to_1,adjacent_observed_1_to_0,
NDX-CAND-4ADD065EFCA93D4A,LBTYA,2012-12-24,2020-12-18,LBTYA.csv,2,2012-12-21,2020-12-21,adjacent_observed_0_to_1,adjacent_observed_1_to_0,
NDX-CAND-7C23C1035BBA5C31,LBTYK,2014-12-22,2020-12-18,LBTYK.csv,1,2014-12-19,2020-12-21,adjacent_observed_0_to_1,adjacent_observed_1_to_0,
NDX-CAND-1738818D7D1709D6,LCID,2021-12-20,2023-12-15,LCID.csv,1,2021-12-17,2023-12-18,adjacent_observed_0_to_1,adjacent_observed_1_to_0,
NDX-CAND-B1E1B35DA8D8B766,LCOS-200010,1999-05-28,2000-10-27,LCOS-200010.csv,1,1999-05-27,,adjacent_observed_0_to_1,right_censored,
NDX-CAND-4880C478A7253445,LEAP-201403,2007-10-08,2008-12-19,LEAP-201403.csv,1,2007-10-05,2008-12-22,adjacent_observed_0_to_1,adjacent_observed_1_to_0,
NDX-CAND-06A8120C6DDC7A24,LGNT-199511,1993-10-01,1995-07-18,LGNT-199511.csv,1,1993-09-30,1995-07-19,adjacent_observed_0_to_1,adjacent_observed_1_to_0,
NDX-CAND-3FE3AE056E066189,LGTO-200310,1999-12-20,2000-12-15,LGTO-200310.csv,1,1999-12-17,2000-12-18,adjacent_observed_0_to_1,adjacent_observed_1_to_0,
NDX-CAND-17F07A6F8045C0E7,LIFE-201402,2001-12-24,2005-12-16,LIFE-201402.csv,1,2001-12-21,2005-12-19,adjacent_observed_0_to_1,adjacent_observed_1_to_0,
NDX-CAND-17F07A6F8045C0E7,LIFE-201402,2008-12-22,2013-08-21,LIFE-201402.csv,2,2008-12-19,2013-08-22,adjacent_observed_0_to_1,adjacent_observed_1_to_0,
NDX-CAND-720EE16188B3F86B,LILA,2015-07-02,2015-12-18,LILA.csv,1,2015-07-01,2015-12-21,adjacent_observed_0_to_1,adjacent_observed_1_to_0,
NDX-CAND-720EE16188B3F86B,LILA,2016-12-19,2018-01-02,LILA.csv,2,2016-12-16,2018-01-03,adjacent_observed_0_to_1,adjacent_observed_1_to_0,
NDX-CAND-68EC3E1558B59A0D,LILAK,2015-07-02,2015-12-18,LILAK.csv,1,2015-07-01,2015-12-21,adjacent_observed_0_to_1,adjacent_observed_1_to_0,
NDX-CAND-68EC3E1558B59A0D,LILAK,2016-12-19,2018-01-02,LILAK.csv,2,2016-12-16,2018-01-03,adjacent_observed_0_to_1,adjacent_observed_1_to_0,
NDX-CAND-AD2FA31DE0CB4639,LIN,2024-03-18,2026-08-04,LIN.csv,1,2024-03-15,,adjacent_observed_0_to_1,right_censored,
NDX-CAND-57E1FFBC00463853,LINB-199510,1993-10-01,1995-10-02,LINB-199510.csv,1,1993-09-30,1995-10-03,adjacent_observed_0_to_1,adjacent_observed_1_to_0,
NDX-CAND-C4B23F7A182A8AEF,LITE,2026-05-18,2026-08-04,LITE.csv,1,2026-05-15,,adjacent_observed_0_to_1,right_censored,
NDX-CAND-CA14C005F83AAC95,LLTC-201703,1993-10-26,2016-10-18,LLTC-201703.csv,1,1993-10-25,2016-10-19,adjacent_observed_0_to_1,adjacent_observed_1_to_0,
NDX-CAND-18A803EA32E5F7AC,LMCA-201604,2013-06-05,2016-04-15,LMCA-201604.csv,1,2013-06-04,,adjacent_observed_0_to_1,right_censored,
NDX-CAND-8D9F5E9DCDB01E79,LMCK-201604,2014-07-24,2016-04-15,LMCK-201604.csv,1,2014-07-23,,adjacent_observed_0_to_1,right_censored,
NDX-CAND-F6A8D1F6BDCDF383,LNCR-201208,1998-12-21,1999-12-17,LNCR-201208.csv,1,1998-12-18,1999-12-20,adjacent_observed_0_to_1,adjacent_observed_1_to_0,
NDX-CAND-F6A8D1F6BDCDF383,LNCR-201208,2002-07-24,2006-12-15,LNCR-201208.csv,2,2002-07-23,2006-12-18,adjacent_observed_0_to_1,adjacent_observed_1_to_0,
NDX-CAND-F1A63AB139B9CC7D,LOGI,2007-02-01,2010-12-17,LOGI.csv,1,2007-01-31,2010-12-20,adjacent_observed_0_to_1,adjacent_observed_1_to_0,
NDX-CAND-D1065D55A96B250B,LOTS-199507,1993-10-01,1995-07-03,LOTS-199507.csv,1,1993-09-30,1995-07-05,adjacent_observed_0_to_1,adjacent_observed_1_to_0,
NDX-CAND-02A789036FFD37E4,LRCX,1993-10-26,1996-12-20,LRCX.csv,1,1993-10-25,1996-12-23,adjacent_observed_0_to_1,adjacent_observed_1_to_0,
NDX-CAND-02A789036FFD37E4,LRCX,2003-12-22,2012-12-21,LRCX.csv,2,2003-12-19,2012-12-24,adjacent_observed_0_to_1,adjacent_observed_1_to_0,
NDX-CAND-02A789036FFD37E4,LRCX,2014-12-22,2026-08-04,LRCX.csv,3,2014-12-19,,adjacent_observed_0_to_1,right_censored,
NDX-CAND-CC100BCB6CDFF282,LULU,2018-12-24,2025-12-19,LULU.csv,1,2018-12-21,2025-12-22,adjacent_observed_0_to_1,adjacent_observed_1_to_0,
NDX-CAND-E40D9FDE190EF669,LVLT-201710,1998-08-27,2001-12-21,LVLT-201710.csv,1,1998-08-26,2001-12-24,adjacent_observed_0_to_1,adjacent_observed_1_to_0,
NDX-CAND-E40D9FDE190EF669,LVLT-201710,2003-12-22,2005-12-16,LVLT-201710.csv,2,2003-12-19,2005-12-19,adjacent_observed_0_to_1,adjacent_observed_1_to_0,
NDX-CAND-E40D9FDE190EF669,LVLT-201710,2006-12-18,2008-12-19,LVLT-201710.csv,3,2006-12-15,2008-12-22,adjacent_observed_0_to_1,adjacent_observed_1_to_0,
NDX-CAND-A86D9668D1D2E143,LVNTA-201803,2014-10-15,2018-03-09,LVNTA-201803.csv,1,2014-10-14,,adjacent_observed_0_to_1,right_censored,
NDX-CAND-72E0BCD7B147F49C,MAR,2013-11-18,2026-08-04,MAR.csv,1,2013-11-15,,adjacent_observed_0_to_1,right_censored,
NDX-CAND-0AEEE22446EAF1AE,MAT,2009-12-22,2017-10-20,MAT.csv,1,2009-12-21,2017-10-23,adjacent_observed_0_to_1,adjacent_observed_1_to_0,
NDX-CAND-2698B72D9DD7BBC6,MATX,1993-10-01,1995-12-15,MATX.csv,1,1993-09-30,1995-12-18,adjacent_observed_0_to_1,adjacent_observed_1_to_0,
NDX-CAND-D35E909C86CAD1AE,MCAWA-199409,1993-10-01,1994-09-19,MCAWA-199409.csv,1,1993-09-30,,adjacent_observed_0_to_1,right_censored,
NDX-CAND-1C1EF38F1B20498E,MCCS-199311,1993-10-01,1993-11-17,MCCS-199311.csv,1,1993-09-30,,adjacent_observed_0_to_1,right_censored,
NDX-CAND-8F53DD7AE574A25F,MCHP,1997-06-04,2013-12-20,MCHP.csv,1,1997-06-03,2013-12-23,adjacent_observed_0_to_1,adjacent_observed_1_to_0,
NDX-CAND-8F53DD7AE574A25F,MCHP,2016-07-18,2026-08-04,MCHP.csv,2,2016-07-15,,adjacent_observed_0_to_1,right_censored,
NDX-CAND-D54282502727C19B,MCIC-199809,1993-10-01,1998-09-14,MCIC-199809.csv,1,1993-09-30,,adjacent_observed_0_to_1,right_censored,
NDX-CAND-12BA0A8780CA0D71,MCIP-200601,2004-12-20,2006-01-06,MCIP-200601.csv,1,2004-12-17,,adjacent_observed_0_to_1,right_censored,
NDX-CAND-BE92BC868A0263F9,MCLDQ-200205,1998-12-21,2001-12-21,MCLDQ-200205.csv,1,1998-12-18,2001-12-24,adjacent_observed_0_to_1,adjacent_observed_1_to_0,
NDX-CAND-5C4212DA12A167D1,MDB,2023-12-18,2025-05-16,MDB.csv,1,2023-12-15,2025-05-19,adjacent_observed_0_to_1,adjacent_observed_1_to_0,
NDX-CAND-1B9915943AFA838B,MDLZ,2012-07-23,2026-08-04,MDLZ.csv,1,2012-07-20,,adjacent_observed_0_to_1,right_censored,
NDX-CAND-A41FD118DD951800,MEDI-200706,1999-12-20,2007-05-31,MEDI-200706.csv,1,1999-12-17,2007-06-01,adjacent_observed_0_to_1,adjacent_observed_1_to_0,2002-12-17
NDX-CAND-5DE87051C9491208,MELI,2017-06-19,2026-08-04,MELI.csv,1,2017-06-16,,adjacent_observed_0_to_1,right_censored,
NDX-CAND-2814F94FD6D6BBD4,MENT-201703,1993-10-01,1993-10-25,MENT-201703.csv,1,1993-09-30,1993-10-26,adjacent_observed_0_to_1,adjacent_observed_1_to_0,
NDX-CAND-5FB4948E48B2A956,MERQ-200611,2000-12-18,2006-01-03,MERQ-200611.csv,1,2000-12-15,2006-01-04,adjacent_observed_0_to_1,adjacent_observed_1_to_0,
NDX-CAND-E9EB5C0EB83A8D4A,META,2012-12-12,2026-08-04,META.csv,1,2012-12-11,,adjacent_observed_0_to_1,right_censored,
NDX-CAND-8ABF6C4A55FBD204,MFE-201102,1996-12-23,2000-12-15,MFE-201102.csv,1,1996-12-20,2000-12-18,adjacent_observed_0_to_1,adjacent_observed_1_to_0,
NDX-CAND-81550678C935BDCF,MFNXQ-200209,1999-12-20,2001-12-21,MFNXQ-200209.csv,1,1999-12-17,2001-12-24,adjacent_observed_0_to_1,adjacent_observed_1_to_0,
NDX-CAND-2008855FAFBDFB3C,MFST-199612,1995-07-05,1996-12-30,MFST-199612.csv,1,1995-07-03,1996-12-31,adjacent_observed_0_to_1,adjacent_observed_1_to_0,
NDX-CAND-7B200B8F01A015C3,MGMA-199502,1993-10-01,1995-01-26,MGMA-199502.csv,1,1993-09-30,1995-01-27,adjacent_observed_0_to_1,adjacent_observed_1_to_0,
NDX-CAND-C643217A11EFAB65,MKC,1993-10-01,1999-05-24,MKC.csv,1,1993-09-30,1999-05-25,adjacent_observed_0_to_1,adjacent_observed_1_to_0,
NDX-CAND-3BC3F99A65ECAA40,MLKN,1993-10-01,1996-12-20,MLKN.csv,1,1993-09-30,1996-12-23,adjacent_observed_0_to_1,adjacent_observed_1_to_0,
NDX-CAND-3BC3F99A65ECAA40,MLKN,1997-06-12,2000-12-15,MLKN.csv,2,1997-06-11,2000-12-18,adjacent_observed_0_to_1,adjacent_observed_1_to_0,
NDX-CAND-D994CD4012BAE9EC,MLNM-200805,2000-12-18,2005-12-16,MLNM-200805.csv,1,2000-12-15,2005-12-19,adjacent_observed_0_to_1,adjacent_observed_1_to_0,
NDX-CAND-098B1BAB772380B3,MMEDC-199512,1993-10-01,1995-11-24,MMEDC-199512.csv,1,1993-09-30,1995-11-27,adjacent_observed_0_to_1,adjacent_observed_1_to_0,
NDX-CAND-5C6AC81607EAD342,MNST,2007-12-24,2009-12-21,MNST.csv,1,2007-12-21,2009-12-22,adjacent_observed_0_to_1,adjacent_observed_1_to_0,
NDX-CAND-5C6AC81607EAD342,MNST,2011-12-19,2026-08-04,MNST.csv,2,2011-12-16,,adjacent_observed_0_to_1,right_censored,
NDX-CAND-3FE0C73AFB1E1E4C,MOLX-201312,1993-10-01,2005-12-16,MOLX-201312.csv,1,1993-09-30,2005-12-19,adjacent_observed_0_to_1,adjacent_observed_1_to_0,
NDX-CAND-1754AA30D9F98892,MPWR,2025-12-22,2026-08-04,MPWR.csv,1,2025-12-19,,adjacent_observed_0_to_1,right_censored,
NDX-CAND-470688B32D318167,MRNA,2020-07-20,2024-12-20,MRNA.csv,1,2020-07-17,2024-12-23,adjacent_observed_0_to_1,adjacent_observed_1_to_0,
NDX-CAND-EB9CAE842AB6586A,MRVL,2003-12-22,2012-12-21,MRVL.csv,1,2003-12-19,2012-12-24,adjacent_observed_0_to_1,adjacent_observed_1_to_0,
NDX-CAND-EB9CAE842AB6586A,MRVL,2020-12-21,2026-08-04,MRVL.csv,2,2020-12-18,,adjacent_observed_0_to_1,right_censored,
NDX-CAND-0C8A51A5606B38E7,MSFT,1993-10-01,2026-08-04,MSFT.csv,1,1993-09-30,,adjacent_observed_0_to_1,right_censored,
NDX-CAND-E66550E477537ECC,MSTR,2024-12-23,2026-08-04,MSTR.csv,1,2024-12-20,,adjacent_observed_0_to_1,right_censored,
NDX-CAND-A05B11876D308C77,MTCH,2020-12-21,2022-12-16,MTCH.csv,1,2020-12-18,2022-12-19,adjacent_observed_0_to_1,adjacent_observed_1_to_0,
NDX-CAND-150E239D2C0E630C,MU,2010-12-20,2026-08-04,MU.csv,1,2010-12-17,,adjacent_observed_0_to_1,right_censored,
NDX-CAND-E2206E0962B4F8E1,MWW-201610,2000-12-18,2003-12-19,MWW-201610.csv,1,2000-12-15,2003-12-22,adjacent_observed_0_to_1,adjacent_observed_1_to_0,
NDX-CAND-E2206E0962B4F8E1,MWW-201610,2005-12-19,2008-11-07,MWW-201610.csv,2,2005-12-16,2008-11-10,adjacent_observed_0_to_1,adjacent_observed_1_to_0,
NDX-CAND-BD671D4D0CECA54E,MXIM-202108,1995-12-18,2007-10-01,MXIM-202108.csv,1,1995-12-15,2007-10-02,adjacent_observed_0_to_1,adjacent_observed_1_to_0,
NDX-CAND-BD671D4D0CECA54E,MXIM-202108,2008-12-22,2014-12-19,MXIM-202108.csv,2,2008-12-19,2014-12-22,adjacent_observed_0_to_1,adjacent_observed_1_to_0,
NDX-CAND-BD671D4D0CECA54E,MXIM-202108,2015-12-21,2021-08-25,MXIM-202108.csv,3,2015-12-18,,adjacent_observed_0_to_1,right_censored,
NDX-CAND-F2F4F446808B6C3C,NBIS,2026-06-22,2026-08-04,NBIS.csv,1,2026-06-18,,adjacent_observed_0_to_1,right_censored,
NDX-CAND-7F635B1F11B6AF61,NCLH,2015-12-21,2017-12-15,NCLH.csv,1,2015-12-18,2017-12-18,adjacent_observed_0_to_1,adjacent_observed_1_to_0,
NDX-CAND-F72E83E97AA8E41B,NDSN,1993-10-01,1995-12-15,NDSN.csv,1,1993-09-30,1995-12-18,adjacent_observed_0_to_1,adjacent_observed_1_to_0,
NDX-CAND-50C08C7CE4010395,NFLX,2010-12-20,2012-12-21,NFLX.csv,1,2010-12-17,2012-12-24,adjacent_observed_0_to_1,adjacent_observed_1_to_0,
NDX-CAND-50C08C7CE4010395,NFLX,2013-06-06,2026-08-04,NFLX.csv,2,2013-06-05,,adjacent_observed_0_to_1,right_censored,
NDX-CAND-568CC531D64D4562,NGNA-199409,1993-10-01,1993-10-25,NGNA-199409.csv,1,1993-09-30,1993-10-26,adjacent_observed_0_to_1,adjacent_observed_1_to_0,
NDX-CAND-F2413713F059C9A0,NIHDQ-201506,2005-12-19,2011-12-16,NIHDQ-201506.csv,1,2005-12-16,2011-12-19,adjacent_observed_0_to_1,adjacent_observed_1_to_0,
NDX-CAND-916627321E5E9160,NOVL-201104,1993-10-01,2001-12-21,NOVL-201104.csv,1,1993-09-30,2001-12-24,adjacent_observed_0_to_1,adjacent_observed_1_to_0,
NDX-CAND-43B5166131B970AD,NSCO-199503,1993-10-01,1993-10-25,NSCO-199503.csv,1,1993-09-30,1993-10-26,adjacent_observed_0_to_1,adjacent_observed_1_to_0,
NDX-CAND-0C4A66469B57D523,NSCP-199903,1997-05-22,1999-03-17,NSCP-199903.csv,1,1997-05-21,,adjacent_observed_0_to_1,right_censored,
NDX-CAND-1C10D4FB8458E4BF,NSOL-200006,1999-12-20,2000-06-08,NSOL-200006.csv,1,1999-12-17,,adjacent_observed_0_to_1,right_censored,
NDX-CAND-2FB37310B97B0F8D,NTAP,1999-12-20,2016-12-16,NTAP.csv,1,1999-12-17,2016-12-19,adjacent_observed_0_to_1,adjacent_observed_1_to_0,
NDX-CAND-2FB37310B97B0F8D,NTAP,2018-12-24,2020-08-21,NTAP.csv,2,2018-12-21,2020-08-24,adjacent_observed_0_to_1,adjacent_observed_1_to_0,
NDX-CAND-79072530494F2BD8,NTES,2016-03-16,2022-12-16,NTES.csv,1,2016-03-15,2022-12-19,adjacent_observed_0_to_1,adjacent_observed_1_to_0,
NDX-CAND-DBCF6B3EE6EDE15D,NTLDQ-200301,1998-12-21,2000-10-26,NTLDQ-200301.csv,1,1998-12-18,2000-10-27,adjacent_observed_0_to_1,adjacent_observed_1_to_0,
NDX-CAND-B81F61CB43B044B2,NTLI-200603,2004-12-20,2006-03-03,NTLI-200603.csv,1,2004-12-17,,adjacent_observed_0_to_1,right_censored,
NDX-CAND-0FC2CDE47AACA391,NUAN-202203,2011-12-19,2013-12-20,NUAN-202203.csv,1,2011-12-16,2013-12-23,adjacent_observed_0_to_1,adjacent_observed_1_to_0,
NDX-CAND-AB68903B4EC54592,NVDA,2001-05-31,2004-12-17,NVDA.csv,1,2001-05-30,2004-12-20,adjacent_observed_0_to_1,adjacent_observed_1_to_0,
NDX-CAND-AB68903B4EC54592,NVDA,2005-12-19,2026-08-04,NVDA.csv,2,2005-12-16,,adjacent_observed_0_to_1,right_censored,
NDX-CAND-3034881055A9F2A5,NVLS-201206,2001-03-13,2005-12-16,NVLS-201206.csv,1,2001-03-12,2005-12-19,adjacent_observed_0_to_1,adjacent_observed_1_to_0,
NDX-CAND-B1D63332EE01B8CE,NWACQ-200705,1995-08-18,2000-12-15,NWACQ-200705.csv,1,1995-08-17,2000-12-18,adjacent_observed_0_to_1,adjacent_observed_1_to_0,
NDX-CAND-F7210CE1E2A0B27D,NXPI,2013-12-23,2017-02-06,NXPI.csv,1,2013-12-20,2017-02-07,adjacent_observed_0_to_1,adjacent_observed_1_to_0,
NDX-CAND-F7210CE1E2A0B27D,NXPI,2018-11-05,2026-08-04,NXPI.csv,2,2018-11-02,,adjacent_observed_0_to_1,right_censored,
NDX-CAND-B9102FA8A0680DA3,NXTL-200508,1993-10-01,2005-08-12,NXTL-200508.csv,1,1993-09-30,,adjacent_observed_0_to_1,right_censored,
NDX-CAND-E2E687AF8CF45129,ODFL,2022-01-24,2026-08-04,ODFL.csv,1,2022-01-21,,adjacent_observed_0_to_1,right_censored,
NDX-CAND-1E49479C524C19DD,OFIS-200608,1997-07-01,1998-12-18,OFIS-200608.csv,1,1997-06-30,1998-12-21,adjacent_observed_0_to_1,adjacent_observed_1_to_0,
NDX-CAND-EEC905B9C08A3BED,OHP-200407,1996-02-29,1998-12-18,OHP-200407.csv,1,1996-02-28,1998-12-21,adjacent_observed_0_to_1,adjacent_observed_1_to_0,
NDX-CAND-65E0300B45FECBAB,OKTA,2020-12-21,2022-11-18,OKTA.csv,1,2020-12-18,2022-11-21,adjacent_observed_0_to_1,adjacent_observed_1_to_0,
NDX-CAND-4B0285DF036EFE59,ON,2023-06-20,2025-12-19,ON.csv,1,2023-06-16,2025-12-22,adjacent_observed_0_to_1,adjacent_observed_1_to_0,
NDX-CAND-4994B45284BA7B34,ORCL,1993-10-01,2013-07-12,ORCL.csv,1,1993-09-30,2013-07-15,adjacent_observed_0_to_1,adjacent_observed_1_to_0,
NDX-CAND-EC7727A83873CD62,ORCO-199410,1993-10-01,1993-10-25,ORCO-199410.csv,1,1993-09-30,1993-10-26,adjacent_observed_0_to_1,adjacent_observed_1_to_0,
NDX-CAND-ABB51C1E7FDE397C,ORLY,2008-12-22,2026-08-04,ORLY.csv,1,2008-12-19,,adjacent_observed_0_to_1,right_censored,
NDX-CAND-F2E1DAA27BCA8881,OSI-200706,1993-10-26,1998-01-06,OSI-200706.csv,1,1993-10-25,1998-01-07,adjacent_observed_0_to_1,adjacent_observed_1_to_0,
NDX-CAND-EEE57718AFB06D7C,PAGE-200007,1993-11-22,1998-01-06,PAGE-200007.csv,1,1993-11-19,1998-01-07,adjacent_observed_0_to_1,adjacent_observed_1_to_0,
NDX-CAND-CF2E7DF93C8C01A8,PAIR-200006,1996-12-23,1998-12-18,PAIR-200006.csv,1,1996-12-20,1998-12-21,adjacent_observed_0_to_1,adjacent_observed_1_to_0,
NDX-CAND-406366B0081432DE,PALM-201006,2000-11-06,2001-12-21,PALM-201006.csv,1,2000-11-03,2001-12-24,adjacent_observed_0_to_1,adjacent_observed_1_to_0,
NDX-CAND-2682A71302CF56D3,PANW,2021-12-20,2026-08-04,PANW.csv,1,2021-12-17,,adjacent_observed_0_to_1,right_censored,
NDX-CAND-BD91F35F83A101B4,PAYX,1994-12-19,2026-08-04,PAYX.csv,1,1994-12-16,,adjacent_observed_0_to_1,right_censored,
NDX-CAND-291E6A3AEBDDC64C,PCAR,1993-10-01,2026-08-04,PCAR.csv,1,1993-09-30,,adjacent_observed_0_to_1,right_censored,
NDX-CAND-2A67FB7C313937A8,PCLB-199310,1993-10-01,1993-10-21,PCLB-199310.csv,1,1993-09-30,,adjacent_observed_0_to_1,right_censored,
NDX-CAND-5E17A5004907506F,PDCO-202504,2002-12-16,2010-12-17,PDCO-202504.csv,1,2002-12-13,2010-12-20,adjacent_observed_0_to_1,adjacent_observed_1_to_0,
NDX-CAND-9E23EDFD2158A8CB,PDD,2020-08-24,2026-08-04,PDD.csv,1,2020-08-21,,adjacent_observed_0_to_1,right_censored,
NDX-CAND-B973661E5582F481,PDLI-202012,2001-12-24,2002-12-20,PDLI-202012.csv,1,2001-12-21,2002-12-23,adjacent_observed_0_to_1,adjacent_observed_1_to_0,
NDX-CAND-9C3E8CD7AE921A5E,PEP,2018-07-23,2026-08-04,PEP.csv,1,2018-07-20,,adjacent_observed_0_to_1,right_censored,
NDX-CAND-6A221AE9F600A74A,PETM-201503,1995-12-18,1998-01-06,PETM-201503.csv,1,1995-12-15,1998-01-07,adjacent_observed_0_to_1,adjacent_observed_1_to_0,
NDX-CAND-6A221AE9F600A74A,PETM-201503,2002-12-23,2008-12-19,PETM-201503.csv,2,2002-12-20,2008-12-22,adjacent_observed_0_to_1,adjacent_observed_1_to_0,
NDX-CAND-40263D170F85B5A5,PHB-199910,1993-10-01,1995-11-03,PHB-199910.csv,1,1993-09-30,1995-11-06,adjacent_observed_0_to_1,adjacent_observed_1_to_0,
NDX-CAND-85CF5B6E50B8F3CE,PHS-200512,1999-06-25,2000-12-15,PHS-200512.csv,1,1999-06-24,2000-12-18,adjacent_observed_0_to_1,adjacent_observed_1_to_0,
NDX-CAND-32B4183BEEC343B3,PHSYB-199906,1994-12-09,1999-06-24,PHSYB-199906.csv,1,1994-12-08,,adjacent_observed_0_to_1,right_censored,
NDX-CAND-40800E5EBE756CC3,PHYCQ-200207,1996-12-23,1998-12-18,PHYCQ-200207.csv,1,1996-12-20,1998-12-21,adjacent_observed_0_to_1,adjacent_observed_1_to_0,
NDX-CAND-D2294D499E6B3FD5,PIXR-200605,2002-12-23,2006-05-05,PIXR-200605.csv,1,2002-12-20,,adjacent_observed_0_to_1,right_censored,
NDX-CAND-A9B17E64B8C3E498,PLIT-199707,1993-10-01,1993-10-25,PLIT-199707.csv,1,1993-09-30,1993-10-26,adjacent_observed_0_to_1,adjacent_observed_1_to_0,1993-10-18;1993-10-19
NDX-CAND-443DD027409BC1FD,PLTR,2024-12-23,2026-08-04,PLTR.csv,1,2024-12-20,,adjacent_observed_0_to_1,right_censored,
NDX-CAND-4E7719B2642776E9,PMCS-201601,1999-12-20,2002-12-20,PMCS-201601.csv,1,1999-12-17,2002-12-23,adjacent_observed_0_to_1,adjacent_observed_1_to_0,
NDX-CAND-89B767935F221393,PPDI-201112,2008-12-22,2009-12-21,PPDI-201112.csv,1,2008-12-19,2009-12-22,adjacent_observed_0_to_1,adjacent_observed_1_to_0,
NDX-CAND-502452D0AFF4AAE9,PPLI,1998-09-15,2009-12-21,PPLI.csv,1,1998-09-14,2009-12-22,adjacent_observed_0_to_1,adjacent_observed_1_to_0,
NDX-CAND-A4F2CCDF0967D7CD,PRDO,2003-12-22,2005-12-16,PRDO.csv,1,2003-12-19,2005-12-19,adjacent_observed_0_to_1,adjacent_observed_1_to_0,
NDX-CAND-96CFB11F209D43AD,PRGO,1993-10-01,1996-12-20,PRGO.csv,1,1993-09-30,1996-12-23,adjacent_observed_0_to_1,adjacent_observed_1_to_0,
NDX-CAND-96CFB11F209D43AD,PRGO,2011-12-06,2013-06-05,PRGO.csv,2,2011-12-05,2013-06-06,adjacent_observed_0_to_1,adjacent_observed_1_to_0,
NDX-CAND-9A23A50FC3AEF6A6,PSFT-200501,1995-12-18,2004-12-28,PSFT-200501.csv,1,1995-12-15,2004-12-29,adjacent_observed_0_to_1,adjacent_observed_1_to_0,
NDX-CAND-675F98D6EE3E3C79,PTC,1993-10-01,2001-12-21,PTC.csv,1,1993-09-30,2001-12-24,adjacent_observed_0_to_1,adjacent_observed_1_to_0,
NDX-CAND-CEBC6340830DD1F4,PTCM-199509,1993-10-01,1995-09-26,PTCM-199509.csv,1,1993-09-30,1995-09-27,adjacent_observed_0_to_1,adjacent_observed_1_to_0,1993-11-26;1994-11-25;1995-05-09
NDX-CAND-E9E1FE2AFB57ABF3,PTEN,2002-12-23,2004-12-17,PTEN.csv,1,2002-12-20,2004-12-20,adjacent_observed_0_to_1,adjacent_observed_1_to_0,
NDX-CAND-E9E1FE2AFB57ABF3,PTEN,2005-12-19,2007-12-21,PTEN.csv,2,2005-12-16,2007-12-24,adjacent_observed_0_to_1,adjacent_observed_1_to_0,
NDX-CAND-C2D94CED633E82D5,PTON,2020-12-21,2022-01-21,PTON.csv,1,2020-12-18,2022-01-24,adjacent_observed_0_to_1,adjacent_observed_1_to_0,
NDX-CAND-CF5A28403C8E80CE,PYPL,2015-11-11,2026-08-04,PYPL.csv,1,2015-11-10,,adjacent_observed_0_to_1,right_censored,
NDX-CAND-3F9BB15F82605733,Q-201103,1998-08-28,1999-12-29,Q-201103.csv,1,1998-08-27,1999-12-30,adjacent_observed_0_to_1,adjacent_observed_1_to_0,
NDX-CAND-B231FB6BFE5298E2,QCOM,1993-11-19,2026-08-04,QCOM.csv,1,1993-11-18,,adjacent_observed_0_to_1,right_censored,
NDX-CAND-CD9EB3BE68062781,QGEN,2009-12-22,2011-12-16,QGEN.csv,1,2009-12-21,2011-12-19,adjacent_observed_0_to_1,adjacent_observed_1_to_0,
NDX-CAND-56C85DFF03E231D9,QLGC-201608,1999-12-20,2005-12-16,QLGC-201608.csv,1,1999-12-17,2005-12-19,adjacent_observed_0_to_1,adjacent_observed_1_to_0,
NDX-CAND-F977FCDB9D84C197,QMCO,1993-10-01,1999-08-03,QMCO.csv,1,1993-09-30,1999-08-04,adjacent_observed_0_to_1,adjacent_observed_1_to_0,
NDX-CAND-F4D0AD4F5A036CC0,QTRN-200309,1996-12-23,2000-12-15,QTRN-200309.csv,1,1996-12-20,2000-12-18,adjacent_observed_0_to_1,adjacent_observed_1_to_0,
NDX-CAND-B29A80A5796C64FB,QVCAQ,2006-10-24,2018-12-21,QVCAQ.csv,1,2006-10-23,2018-12-24,adjacent_observed_0_to_1,adjacent_observed_1_to_0,
NDX-CAND-48F0A65C463C99B1,QVCN-199502,1993-10-26,1995-02-10,QVCN-199502.csv,1,1993-10-25,1995-02-13,adjacent_observed_0_to_1,adjacent_observed_1_to_0,
NDX-CAND-CF86DD86D152EF98,RATL-200302,2000-12-18,2002-12-20,RATL-200302.csv,1,2000-12-15,2002-12-23,adjacent_observed_0_to_1,adjacent_observed_1_to_0,
NDX-CAND-D8BE897C029545CC,RDRTQ-200508,1995-12-18,1996-12-20,RDRTQ-200508.csv,1,1995-12-15,1996-12-23,adjacent_observed_0_to_1,adjacent_observed_1_to_0,
NDX-CAND-039A8CF5BA489AE2,REGN,2012-12-24,2026-08-04,REGN.csv,1,2012-12-21,,adjacent_observed_0_to_1,right_censored,2015-06-09
NDX-CAND-8B150AAB3EC37FA2,RFMD-201412,1999-12-20,2003-12-19,RFMD-201412.csv,1,1999-12-17,2003-12-22,adjacent_observed_0_to_1,adjacent_observed_1_to_0,
NDX-CAND-CCBA4C2B9DB46CEC,RHT-201907,2005-12-19,2006-12-11,RHT-201907.csv,1,2005-12-16,2006-12-12,adjacent_observed_0_to_1,adjacent_observed_1_to_0,
NDX-CAND-B14D8517F62B50AF,RIVN,2022-12-19,2023-06-16,RIVN.csv,1,2022-12-16,2023-06-20,adjacent_observed_0_to_1,adjacent_observed_1_to_0,
NDX-CAND-111D6962E09CBCB6,RKLB,2026-06-22,2026-08-04,RKLB.csv,1,2026-06-18,,adjacent_observed_0_to_1,right_censored,
NDX-CAND-BA1C2C346C711850,RNWK-202212,1999-11-22,2001-12-21,RNWK-202212.csv,1,1999-11-19,2001-12-24,adjacent_observed_0_to_1,adjacent_observed_1_to_0,
NDX-CAND-559F71A5DE0E5A6A,ROP,2023-12-18,2026-08-04,ROP.csv,1,2023-12-15,,adjacent_observed_0_to_1,right_censored,
NDX-CAND-AF4135F25D289D45,ROST,1997-06-12,1999-12-17,ROST.csv,1,1997-06-11,1999-12-20,adjacent_observed_0_to_1,adjacent_observed_1_to_0,
NDX-CAND-AF4135F25D289D45,ROST,2002-12-23,2007-12-21,ROST.csv,2,2002-12-20,2007-12-24,adjacent_observed_0_to_1,adjacent_observed_1_to_0,
NDX-CAND-AF4135F25D289D45,ROST,2008-12-22,2026-08-04,ROST.csv,3,2008-12-19,,adjacent_observed_0_to_1,right_censored,
NDX-CAND-9C26E81E35A5B267,RPM,1995-01-27,1998-01-06,RPM.csv,1,1995-01-26,1998-01-07,adjacent_observed_0_to_1,adjacent_observed_1_to_0,
NDX-CAND-8CE85F8A680BD6C4,RXSD-200007,1998-02-11,1999-12-17,RXSD-200007.csv,1,1998-02-10,1999-12-20,adjacent_observed_0_to_1,adjacent_observed_1_to_0,
NDX-CAND-2D0255015BF53B38,RYAAY,2002-12-23,2004-12-17,RYAAY.csv,1,2002-12-20,2004-12-20,adjacent_observed_0_to_1,adjacent_observed_1_to_0,
NDX-CAND-2D0255015BF53B38,RYAAY,2007-02-14,2009-12-21,RYAAY.csv,2,2007-02-13,2009-12-22,adjacent_observed_0_to_1,adjacent_observed_1_to_0,
NDX-CAND-8B135BC6997E960C,SANM,1998-12-30,2005-12-16,SANM.csv,1,1998-12-29,2005-12-19,adjacent_observed_0_to_1,adjacent_observed_1_to_0,
NDX-CAND-50532131A89E659F,SBAC,2012-12-24,2017-03-17,SBAC.csv,1,2012-12-21,2017-03-20,adjacent_observed_0_to_1,adjacent_observed_1_to_0,
NDX-CAND-6993FB92EE3B4F0F,SBUX,1996-11-25,2026-08-04,SBUX.csv,1,1996-11-22,,adjacent_observed_0_to_1,right_censored,
NDX-CAND-BB92D816C6FC4537,SDG-199901,1993-10-26,1993-11-22,SDG-199901.csv,1,1993-10-25,1993-11-23,adjacent_observed_0_to_1,adjacent_observed_1_to_0,
NDX-CAND-87D1F7972208C185,SDLI-200102,1999-12-20,2001-02-12,SDLI-200102.csv,1,1999-12-17,2001-02-13,adjacent_observed_0_to_1,adjacent_observed_1_to_0,
NDX-CAND-E0D7D06AD62EA378,SDS-200508,1996-12-23,1997-06-03,SDS-200508.csv,1,1996-12-20,1997-06-04,adjacent_observed_0_to_1,adjacent_observed_1_to_0,
NDX-CAND-C54E6448F07A83CE,SEBL-200601,1999-06-25,2006-01-31,SEBL-200601.csv,1,1999-06-24,,adjacent_observed_0_to_1,right_censored,
NDX-CAND-6E385BAE58B1145B,SEG-200011,1993-10-01,1994-12-08,SEG-200011.csv,1,1993-09-30,1994-12-09,adjacent_observed_0_to_1,adjacent_observed_1_to_0,
NDX-CAND-280DE1973FE58F4B,SEPR-200910,2001-12-24,2002-12-20,SEPR-200910.csv,1,2001-12-21,2002-12-23,adjacent_observed_0_to_1,adjacent_observed_1_to_0,
NDX-CAND-280DE1973FE58F4B,SEPR-200910,2005-08-15,2007-12-21,SEPR-200910.csv,2,2005-08-12,2007-12-24,adjacent_observed_0_to_1,adjacent_observed_1_to_0,
NDX-CAND-8B84D7D91C882D9D,SGEN-202312,2019-12-23,2023-12-13,SGEN-202312.csv,1,2019-12-20,,adjacent_observed_0_to_1,right_censored,
NDX-CAND-9FF98577347AF2CC,SHLDQ-202210,2004-08-19,2013-12-20,SHLDQ-202210.csv,1,2004-08-18,2013-12-23,adjacent_observed_0_to_1,adjacent_observed_1_to_0,
NDX-CAND-7513BFF3BC13A348,SHLM-201808,1995-02-13,1996-12-20,SHLM-201808.csv,1,1995-02-10,1996-12-23,adjacent_observed_0_to_1,adjacent_observed_1_to_0,
NDX-CAND-880D3DDA0F818077,SHOP,2025-05-19,2026-08-04,SHOP.csv,1,2025-05-16,,adjacent_observed_0_to_1,right_censored,
NDX-CAND-B394B018C968AFC7,SHPG-201901,2016-10-19,2018-12-21,SHPG-201901.csv,1,2016-10-18,2018-12-24,adjacent_observed_0_to_1,adjacent_observed_1_to_0,
NDX-CAND-6E3EB83B9F6560B4,SIAL-201511,1993-10-01,2000-12-15,SIAL-201511.csv,1,1993-09-30,2000-12-18,adjacent_observed_0_to_1,adjacent_observed_1_to_0,
NDX-CAND-6E3EB83B9F6560B4,SIAL-201511,2002-07-15,2015-07-31,SIAL-201511.csv,2,2002-07-12,2015-08-03,adjacent_observed_0_to_1,adjacent_observed_1_to_0,
NDX-CAND-7C164BB96FCC6A5D,SIRI,2004-12-20,2008-12-19,SIRI.csv,1,2004-12-17,2008-12-22,adjacent_observed_0_to_1,adjacent_observed_1_to_0,
NDX-CAND-7C164BB96FCC6A5D,SIRI,2011-07-15,2024-06-21,SIRI.csv,2,2011-07-14,2024-06-24,adjacent_observed_0_to_1,adjacent_observed_1_to_0,
NDX-CAND-7E114427FE6B9211,SKYT-199909,1993-10-26,1996-12-20,SKYT-199909.csv,1,1993-10-25,1996-12-23,adjacent_observed_0_to_1,adjacent_observed_1_to_0,
NDX-CAND-70A8A29C5B081C04,SMCI,2024-07-22,2024-12-20,SMCI.csv,1,2024-07-19,2024-12-23,adjacent_observed_0_to_1,adjacent_observed_1_to_0,
NDX-CAND-8F740AA6D1EBA1A6,SMLS-199502,1993-10-01,1995-02-24,SMLS-199502.csv,1,1993-09-30,,adjacent_observed_0_to_1,right_censored,
NDX-CAND-01479364E022A9A5,SMS-200007,1993-10-01,1993-10-25,SMS-200007.csv,1,1993-09-30,1993-10-26,adjacent_observed_0_to_1,adjacent_observed_1_to_0,
NDX-CAND-55CEC707294AE655,SNDK-201605,2003-11-13,2008-12-19,SNDK-201605.csv,1,2003-11-12,2008-12-22,adjacent_observed_0_to_1,adjacent_observed_1_to_0,
NDX-CAND-55CEC707294AE655,SNDK-201605,2009-12-22,2016-03-15,SNDK-201605.csv,2,2009-12-21,2016-03-16,adjacent_observed_0_to_1,adjacent_observed_1_to_0,
NDX-CAND-1F78EED60ED23532,SNDK,2026-04-20,2026-08-04,SNDK.csv,1,2026-04-17,,adjacent_observed_0_to_1,right_censored,
NDX-CAND-E08623893CC4CCB5,SNPL-199412,1993-10-01,1994-11-23,SNPL-199412.csv,1,1993-09-30,1994-11-25,adjacent_observed_0_to_1,adjacent_observed_1_to_0,
NDX-CAND-77F27BB682D9A0E7,SNPS,1996-12-23,2000-12-15,SNPS.csv,1,1996-12-20,2000-12-18,adjacent_observed_0_to_1,adjacent_observed_1_to_0,
NDX-CAND-77F27BB682D9A0E7,SNPS,2001-12-24,2005-12-16,SNPS.csv,2,2001-12-21,2005-12-19,adjacent_observed_0_to_1,adjacent_observed_1_to_0,
NDX-CAND-77F27BB682D9A0E7,SNPS,2017-12-18,2026-08-04,SNPS.csv,3,2017-12-15,,adjacent_observed_0_to_1,right_censored,
NDX-CAND-646C4F77CF2D323B,SNPX-199410,1993-10-01,1994-10-20,SNPX-199410.csv,1,1993-09-30,,adjacent_observed_0_to_1,right_censored,
NDX-CAND-C04437438A6892BC,SOLS,2025-10-31,2025-11-07,SOLS.csv,1,2025-10-30,2025-11-10,adjacent_observed_0_to_1,adjacent_observed_1_to_0,
NDX-CAND-D33E1798055B6294,SON,1993-10-01,1995-03-03,SON.csv,1,1993-09-30,1995-03-06,adjacent_observed_0_to_1,adjacent_observed_1_to_0,
NDX-CAND-A3ECBA1395700038,SPCX,2026-07-07,2026-08-04,SPCX.csv,1,2026-07-06,,adjacent_observed_0_to_1,right_censored,
NDX-CAND-ECC5DC879906083E,SPLK-202403,2019-12-23,2022-12-16,SPLK-202403.csv,1,2019-12-20,2022-12-19,adjacent_observed_0_to_1,adjacent_observed_1_to_0,
NDX-CAND-ECC5DC879906083E,SPLK-202403,2023-12-18,2024-03-15,SPLK-202403.csv,2,2023-12-15,,adjacent_observed_0_to_1,right_censored,
NDX-CAND-85179BEF7C328418,SPLS-201709,1993-10-26,2015-12-18,SPLS-201709.csv,1,1993-10-25,2015-12-21,adjacent_observed_0_to_1,adjacent_observed_1_to_0,
NDX-CAND-DC69C9AB7BB6A6A5,SPOT-200408,1997-10-15,2004-08-18,SPOT-200408.csv,1,1997-10-14,,adjacent_observed_0_to_1,right_censored,
NDX-CAND-1AABE5BDA30387B6,SRCL-202411,2007-12-24,2016-12-16,SRCL-202411.csv,1,2007-12-21,2016-12-19,adjacent_observed_0_to_1,adjacent_observed_1_to_0,
NDX-CAND-478CF2E5D9CB43E8,SRCTQ-201512,1993-10-01,1993-10-25,SRCTQ-201512.csv,1,1993-09-30,1993-10-26,adjacent_observed_0_to_1,adjacent_observed_1_to_0,
NDX-CAND-0244787D26A61074,SSCC-201105,1997-07-24,2005-12-16,SSCC-201105.csv,1,1997-07-23,2005-12-19,adjacent_observed_0_to_1,adjacent_observed_1_to_0,
NDX-CAND-2B1E97F9AC006302,STCN-202501,1999-03-18,2001-12-21,STCN-202501.csv,1,1999-03-17,2001-12-24,adjacent_observed_0_to_1,adjacent_observed_1_to_0,
NDX-CAND-AB0E77B410223114,STEI-201312,1997-08-13,1999-12-17,STEI-201312.csv,1,1997-08-12,1999-12-20,adjacent_observed_0_to_1,adjacent_observed_1_to_0,
NDX-CAND-DE080C509D934504,STJ-201701,1993-10-01,1996-11-22,STJ-201701.csv,1,1993-09-30,1996-11-25,adjacent_observed_0_to_1,adjacent_observed_1_to_0,
NDX-CAND-3E8DB995C38703D9,STLD,2007-12-24,2009-12-21,STLD.csv,1,2007-12-21,2009-12-22,adjacent_observed_0_to_1,adjacent_observed_1_to_0,
NDX-CAND-8B379A48B8019A4D,STRM-199607,1995-01-27,1996-07-09,STRM-199607.csv,1,1995-01-26,,adjacent_observed_0_to_1,right_censored,
NDX-CAND-8E0A1EA5C6EE57EC,STRZA-201612,2012-12-24,2013-03-15,STRZA-201612.csv,1,2012-12-21,2013-03-18,adjacent_observed_0_to_1,adjacent_observed_1_to_0,
NDX-CAND-7C162D0D3D5C09B3,STX,2008-11-10,2018-12-21,STX.csv,1,2008-11-07,2018-12-24,adjacent_observed_0_to_1,adjacent_observed_1_to_0,
NDX-CAND-7C162D0D3D5C09B3,STX,2025-12-22,2026-08-04,STX.csv,2,2025-12-19,,adjacent_observed_0_to_1,right_censored,
NDX-CAND-D6CF897C23D5163E,SVC-200605,1993-10-26,1996-12-20,SVC-200605.csv,1,1993-10-25,1996-12-23,adjacent_observed_0_to_1,adjacent_observed_1_to_0,
NDX-CAND-C0A4CE87CFEDCA20,SWKS,2015-08-03,2022-12-16,SWKS.csv,1,2015-07-31,2022-12-19,adjacent_observed_0_to_1,adjacent_observed_1_to_0,
NDX-CAND-A2E24AF8641DBBD8,SXCL-201702,1994-12-19,2000-12-15,SXCL-201702.csv,1,1994-12-16,2000-12-18,adjacent_observed_0_to_1,adjacent_observed_1_to_0,
NDX-CAND-F8227DDBFFD7AF99,SY-201007,1993-10-26,1998-12-18,SY-201007.csv,1,1993-10-25,1998-12-21,adjacent_observed_0_to_1,adjacent_observed_1_to_0,
NDX-CAND-894ADE0D449B06A5,SYGN-199412,1993-10-01,1993-10-25,SYGN-199412.csv,1,1993-09-30,1993-10-26,adjacent_observed_0_to_1,adjacent_observed_1_to_0,
NDX-CAND-E24A0EA0A20152FF,SYK,1993-10-01,1997-07-23,SYK.csv,1,1993-09-30,1997-07-24,adjacent_observed_0_to_1,adjacent_observed_1_to_0,
NDX-CAND-229525B2C2026C33,TAP,1993-10-01,1995-12-15,TAP.csv,1,1993-09-30,1995-12-18,adjacent_observed_0_to_1,adjacent_observed_1_to_0,
NDX-CAND-7FEB4AB1E67E055F,TCOM,2010-12-20,2012-07-20,TCOM.csv,1,2010-12-17,2012-07-23,adjacent_observed_0_to_1,adjacent_observed_1_to_0,
NDX-CAND-7FEB4AB1E67E055F,TCOM,2015-12-21,2021-12-17,TCOM.csv,2,2015-12-18,2021-12-20,adjacent_observed_0_to_1,adjacent_observed_1_to_0,
NDX-CAND-1AE1767FA90ABA47,TCOMA-199903,1993-10-01,1999-03-09,TCOMA-199903.csv,1,1993-09-30,,adjacent_observed_0_to_1,right_censored,
NDX-CAND-FB4FF00960F9F96E,TEAM,2020-12-21,2026-04-17,TEAM.csv,1,2020-12-18,2026-04-20,adjacent_observed_0_to_1,adjacent_observed_1_to_0,
NDX-CAND-C280112BAE32F8C8,TECD-202006,1998-01-07,1999-12-17,TECD-202006.csv,1,1998-01-06,1999-12-20,adjacent_observed_0_to_1,adjacent_observed_1_to_0,
NDX-CAND-C1C0481BB2A198EA,TECU-201509,1993-10-01,1993-10-25,TECU-201509.csv,1,1993-09-30,1993-10-26,adjacent_observed_0_to_1,adjacent_observed_1_to_0,
NDX-CAND-9E111B5A50557AB4,TECUA-201405,1993-10-26,1995-12-15,TECUA-201405.csv,1,1993-10-25,1995-12-18,adjacent_observed_0_to_1,adjacent_observed_1_to_0,
NDX-CAND-17D42156EB72D3B1,TER,2026-06-22,2026-08-04,TER.csv,1,2026-06-18,,adjacent_observed_0_to_1,right_censored,
NDX-CAND-C0675EDB4C9CF01D,TEVA,2002-11-07,2012-05-29,TEVA.csv,1,2002-11-06,2012-05-30,adjacent_observed_0_to_1,adjacent_observed_1_to_0,
NDX-CAND-55D15A2E73B89E34,TFCF-201903,2014-12-22,2019-03-19,TFCF-201903.csv,1,2014-12-19,,adjacent_observed_0_to_1,right_censored,
NDX-CAND-5792BCF47BE90F8D,TFCFA-201903,2009-01-20,2019-03-19,TFCFA-201903.csv,1,2009-01-16,,adjacent_observed_0_to_1,right_censored,
NDX-CAND-37F0234714A845B8,TIGO,2006-05-08,2011-05-26,TIGO.csv,1,2006-05-05,2011-05-27,adjacent_observed_0_to_1,adjacent_observed_1_to_0,
NDX-CAND-3ADFA33848763779,TLAB-201312,1994-09-20,2008-05-16,TLAB-201312.csv,1,1994-09-19,2008-05-19,adjacent_observed_0_to_1,adjacent_observed_1_to_0,
NDX-CAND-143198BED3CD9EA0,TMUS,2015-12-21,2026-08-04,TMUS.csv,1,2015-12-18,,adjacent_observed_0_to_1,right_censored,
NDX-CAND-A897CF7C4353ACDD,TOPP-200710,1993-10-01,1993-10-25,TOPP-200710.csv,1,1993-09-30,1993-10-26,adjacent_observed_0_to_1,adjacent_observed_1_to_0,
NDX-CAND-E3820BBFDBDACD08,TRI,2025-07-28,2026-08-04,TRI.csv,1,2025-07-25,,adjacent_observed_0_to_1,right_censored,
NDX-CAND-7EE1AC34D05FD831,TRIN-200909,1998-01-07,1999-12-17,TRIN-200909.csv,1,1998-01-06,1999-12-20,adjacent_observed_0_to_1,adjacent_observed_1_to_0,
NDX-CAND-E67DB7793FB9A562,TRIP,2013-12-23,2017-04-21,TRIP.csv,1,2013-12-20,2017-04-24,adjacent_observed_0_to_1,adjacent_observed_1_to_0,
NDX-CAND-621E6D330257702D,TSCO,2013-12-23,2017-12-15,TSCO.csv,1,2013-12-20,2017-12-18,adjacent_observed_0_to_1,adjacent_observed_1_to_0,
NDX-CAND-04FD9F564EC3B069,TSLA,2013-07-15,2026-08-04,TSLA.csv,1,2013-07-12,,adjacent_observed_0_to_1,right_censored,
NDX-CAND-DBD9BEE210840B13,TSN,1993-10-01,1997-10-14,TSN.csv,1,1993-09-30,1997-10-15,adjacent_observed_0_to_1,adjacent_observed_1_to_0,
NDX-CAND-51F1D5E9D0EB5CAD,TTD,2023-07-17,2025-12-19,TTD.csv,1,2023-07-14,2025-12-22,adjacent_observed_0_to_1,adjacent_observed_1_to_0,
NDX-CAND-7B7B431A2CBE8D20,TTWO,2017-12-18,2020-12-18,TTWO.csv,1,2017-12-15,2020-12-21,adjacent_observed_0_to_1,adjacent_observed_1_to_0,
NDX-CAND-7B7B431A2CBE8D20,TTWO,2023-12-18,2026-08-04,TTWO.csv,2,2023-12-15,,adjacent_observed_0_to_1,right_censored,
NDX-CAND-C95A0C99059B52DF,TWX-201806,1995-11-06,1996-08-01,TWX-201806.csv,1,1995-11-03,1996-08-02,adjacent_observed_0_to_1,adjacent_observed_1_to_0,
NDX-CAND-345FD2DA12EA00BD,TXN,2012-04-23,2026-08-04,TXN.csv,1,2012-04-20,,adjacent_observed_0_to_1,right_censored,
NDX-CAND-7923D3E38381C407,UAL,2007-03-08,2008-07-18,UAL.csv,1,2007-03-07,2008-07-21,adjacent_observed_0_to_1,adjacent_observed_1_to_0,
NDX-CAND-7923D3E38381C407,UAL,2018-12-24,2020-06-19,UAL.csv,2,2018-12-21,2020-06-22,adjacent_observed_0_to_1,adjacent_observed_1_to_0,
NDX-CAND-1906653D0FEEF6CB,ULTA,2015-12-21,2020-12-18,ULTA.csv,1,2015-12-18,2020-12-21,adjacent_observed_0_to_1,adjacent_observed_1_to_0,
NDX-CAND-9925BC8C8B06D81B,URBN,2005-12-19,2006-12-15,URBN.csv,1,2005-12-16,2006-12-18,adjacent_observed_0_to_1,adjacent_observed_1_to_0,
NDX-CAND-9925BC8C8B06D81B,URBN,2008-12-22,2011-12-16,URBN.csv,2,2008-12-19,2011-12-19,adjacent_observed_0_to_1,adjacent_observed_1_to_0,
NDX-CAND-2695E16E9D501681,USHC-199607,1993-10-01,1996-07-16,USHC-199607.csv,1,1993-09-30,1996-07-17,adjacent_observed_0_to_1,adjacent_observed_1_to_0,
NDX-CAND-CCACFE26C2C98BC7,USRX-199706,1995-09-27,1997-06-11,USRX-199706.csv,1,1995-09-26,1997-06-12,adjacent_observed_0_to_1,adjacent_observed_1_to_0,
NDX-CAND-24E1BD41ED887760,VCELA-199905,1993-10-01,1996-12-20,VCELA-199905.csv,1,1993-09-30,1996-12-23,adjacent_observed_0_to_1,adjacent_observed_1_to_0,
NDX-CAND-438B4C7212CFFCE9,VEON,2013-10-29,2015-12-18,VEON.csv,1,2013-10-28,2015-12-21,adjacent_observed_0_to_1,adjacent_observed_1_to_0,
NDX-CAND-C8AA4AF9FEF4F128,VIAB-201912,2012-05-30,2017-12-15,VIAB-201912.csv,1,2012-05-29,2017-12-18,adjacent_observed_0_to_1,adjacent_observed_1_to_0,
NDX-CAND-0BBDC9D4242834BD,VIAV,1999-05-05,2006-12-15,VIAV.csv,1,1999-05-04,2006-12-18,adjacent_observed_0_to_1,adjacent_observed_1_to_0,
NDX-CAND-78192E229627CE09,VKNG-199808,1994-12-19,1998-08-26,VKNG-199808.csv,1,1994-12-16,,adjacent_observed_0_to_1,right_censored,
NDX-CAND-7B8C30FF9469EBF4,VMED-201306,2006-03-06,2008-12-19,VMED-201306.csv,1,2006-03-03,2008-12-22,adjacent_observed_0_to_1,adjacent_observed_1_to_0,
NDX-CAND-7B8C30FF9469EBF4,VMED-201306,2009-12-22,2013-06-04,VMED-201306.csv,2,2009-12-21,2013-06-05,adjacent_observed_0_to_1,adjacent_observed_1_to_0,
NDX-CAND-5BEA397D9631AC39,VOD,2009-12-22,2018-12-21,VOD.csv,1,2009-12-21,2018-12-24,adjacent_observed_0_to_1,adjacent_observed_1_to_0,
NDX-CAND-0B3A99B30D76A41E,VRSK,2012-12-24,2026-06-18,VRSK.csv,1,2012-12-21,2026-06-22,adjacent_observed_0_to_1,adjacent_observed_1_to_0,
NDX-CAND-13B3ABF93800DAA8,VRSN,2000-06-09,2012-12-21,VRSN.csv,1,2000-06-08,2012-12-24,adjacent_observed_0_to_1,adjacent_observed_1_to_0,
NDX-CAND-13B3ABF93800DAA8,VRSN,2018-12-24,2022-12-16,VRSN.csv,2,2018-12-21,2022-12-19,adjacent_observed_0_to_1,adjacent_observed_1_to_0,
NDX-CAND-CF289BE4A0F29340,VRTS-200507,1998-12-21,2005-06-30,VRTS-200507.csv,1,1998-12-18,2005-07-01,adjacent_observed_0_to_1,adjacent_observed_1_to_0,
NDX-CAND-C0AED62C3D960EB4,VRTX,2006-12-18,2026-08-04,VRTX.csv,1,2006-12-15,,adjacent_observed_0_to_1,right_censored,2011-04-28;2015-05-12
NDX-CAND-8E10E7EB9A6BE8D4,VSNT,2026-01-05,2026-01-13,VSNT.csv,1,2026-01-02,2026-01-14,adjacent_observed_0_to_1,adjacent_observed_1_to_0,
NDX-CAND-7F5FA773520074B1,VSTR-200105,1999-10-27,2001-05-30,VSTR-200105.csv,1,1999-10-26,,adjacent_observed_0_to_1,right_censored,
NDX-CAND-7D8E757B21229022,VTRS,2009-12-22,2019-12-20,VTRS.csv,1,2009-12-21,2019-12-23,adjacent_observed_0_to_1,adjacent_observed_1_to_0,
NDX-CAND-A41700144E6CAC69,VTSS-201504,1998-12-21,2002-12-20,VTSS-201504.csv,1,1998-12-18,2002-12-23,adjacent_observed_0_to_1,adjacent_observed_1_to_0,
NDX-CAND-04D2850C9B1E7683,WBA-202508,2015-03-23,2024-07-19,WBA-202508.csv,1,2015-03-20,2024-07-22,adjacent_observed_0_to_1,adjacent_observed_1_to_0,
NDX-CAND-54D4F04ECA618A1D,WBD,2005-12-19,2008-12-19,WBD.csv,1,2005-12-16,2008-12-22,adjacent_observed_0_to_1,adjacent_observed_1_to_0,
NDX-CAND-54D4F04ECA618A1D,WBD,2012-12-24,2017-12-15,WBD.csv,2,2012-12-21,2017-12-18,adjacent_observed_0_to_1,adjacent_observed_1_to_0,
NDX-CAND-54D4F04ECA618A1D,WBD,2022-12-19,2026-08-04,WBD.csv,3,2022-12-16,,adjacent_observed_0_to_1,right_censored,
NDX-CAND-6D8B462C9ACF92D3,WCLX-200110,1996-12-23,1998-12-18,WCLX-200110.csv,1,1996-12-20,1998-12-21,adjacent_observed_0_to_1,adjacent_observed_1_to_0,
NDX-CAND-D00EF3EF4DD1C7F6,WCOEQ-200404,1994-08-12,2002-07-23,WCOEQ-200404.csv,1,1994-08-11,2002-07-24,adjacent_observed_0_to_1,adjacent_observed_1_to_0,2002-06-26;2002-06-27;2002-06-28
NDX-CAND-2E41917875F3DCDB,WCRX-201309,2008-12-22,2012-12-21,WCRX-201309.csv,1,2008-12-19,2012-12-24,adjacent_observed_0_to_1,adjacent_observed_1_to_0,
NDX-CAND-8697C718DCAE7766,WDAY,2017-12-18,2026-08-04,WDAY.csv,1,2017-12-15,,adjacent_observed_0_to_1,right_censored,
NDX-CAND-CCB8D3E238276D26,WDC,2012-12-24,2020-10-16,WDC.csv,1,2012-12-21,2020-10-19,adjacent_observed_0_to_1,adjacent_observed_1_to_0,
NDX-CAND-CCB8D3E238276D26,WDC,2025-12-22,2026-08-04,WDC.csv,2,2025-12-19,,adjacent_observed_0_to_1,right_censored,
NDX-CAND-6004751C06F3E5B7,WFM-201708,2002-12-23,2008-12-19,WFM-201708.csv,1,2002-12-20,2008-12-22,adjacent_observed_0_to_1,adjacent_observed_1_to_0,
NDX-CAND-6004751C06F3E5B7,WFM-201708,2010-12-20,2016-12-16,WFM-201708.csv,2,2010-12-17,2016-12-19,adjacent_observed_0_to_1,adjacent_observed_1_to_0,
NDX-CAND-76AB657EC20FB1A3,WLL-200203,1993-10-01,1996-12-20,WLL-200203.csv,1,1993-09-30,1996-12-23,adjacent_observed_0_to_1,adjacent_observed_1_to_0,
NDX-CAND-3EA0673A8B0A3C91,WMT,2026-01-20,2026-08-04,WMT.csv,1,2026-01-16,,adjacent_observed_0_to_1,right_censored,
NDX-CAND-A8EA74D90B5825BC,WOR,1993-10-01,1999-12-17,WOR.csv,1,1993-09-30,1999-12-20,adjacent_observed_0_to_1,adjacent_observed_1_to_0,
NDX-CAND-C7391F57173C64CD,WTW,2018-12-24,2020-04-29,WTW.csv,1,2018-12-21,2020-04-30,adjacent_observed_0_to_1,adjacent_observed_1_to_0,
NDX-CAND-85F7F6D9254A1308,WWWW-200709,1995-12-18,1999-12-17,WWWW-200709.csv,1,1995-12-15,1999-12-20,adjacent_observed_0_to_1,adjacent_observed_1_to_0,
NDX-CAND-9A0969B1E898ECA3,WYG-199911,1993-10-01,1993-10-25,WYG-199911.csv,1,1993-09-30,1993-10-26,adjacent_observed_0_to_1,adjacent_observed_1_to_0,
NDX-CAND-AA41D2EEB5402BE1,WYNN,2004-12-20,2015-12-18,WYNN.csv,1,2004-12-17,2015-12-21,adjacent_observed_0_to_1,adjacent_observed_1_to_0,
NDX-CAND-AA41D2EEB5402BE1,WYNN,2017-04-24,2019-12-20,WYNN.csv,2,2017-04-21,2019-12-23,adjacent_observed_0_to_1,adjacent_observed_1_to_0,
NDX-CAND-982E82DC3DF57EFC,XEL,2018-11-19,2026-08-04,XEL.csv,1,2018-11-16,,adjacent_observed_0_to_1,right_censored,
NDX-CAND-1FA1DA7428E2B8D2,XLNX-202202,1993-10-26,2022-02-11,XLNX-202202.csv,1,1993-10-25,,adjacent_observed_0_to_1,right_censored,
NDX-CAND-05711C85A820884B,XMSR-200807,2004-12-20,2007-12-21,XMSR-200807.csv,1,2004-12-17,2007-12-24,adjacent_observed_0_to_1,adjacent_observed_1_to_0,
NDX-CAND-6947D7506D77D2A8,XOXOQ-200301,1999-12-20,2001-11-28,XOXOQ-200301.csv,1,1999-12-17,2001-12-17,adjacent_observed_0_to_1,interval_censored_1_to_0,
NDX-CAND-728AD0DC82E4DEC1,XRAY,2002-12-23,2013-12-20,XRAY.csv,1,2002-12-20,2013-12-23,adjacent_observed_0_to_1,adjacent_observed_1_to_0,
NDX-CAND-728AD0DC82E4DEC1,XRAY,2016-06-20,2018-11-16,XRAY.csv,2,2016-06-17,2018-11-19,adjacent_observed_0_to_1,adjacent_observed_1_to_0,
NDX-CAND-9010EBB72B624B73,YELLQ-202607,1993-10-01,1995-12-15,YELLQ-202607.csv,1,1993-09-30,1995-12-18,adjacent_observed_0_to_1,adjacent_observed_1_to_0,
NDX-CAND-E19F260B56E87034,ZM,2020-04-30,2023-12-15,ZM.csv,1,2020-04-29,2023-12-18,adjacent_observed_0_to_1,adjacent_observed_1_to_0,
NDX-CAND-654BD10576A8A90F,ZS,2021-12-20,2026-06-18,ZS.csv,1,2021-12-17,2026-06-22,adjacent_observed_0_to_1,adjacent_observed_1_to_0,
