ordinal,interval_id,label,severity,start,end,trading_sessions,candidate_start,candidate_end,candidate_trading_sessions,boundary_driving_symbol,leading_sessions_removed,trailing_sessions_removed,rebound_excluded,qqq_total_return,qqq_max_drawdown,qqq_drawdown_peak_date,qqq_drawdown_trough_date,spy_total_return,spy_max_drawdown,spy_drawdown_peak_date,spy_drawdown_trough_date,classification_worst_symbol,classification_worst_max_drawdown,note,source_label
1,subjective_bear_01,大熊市 01,major,2000-03-21,2002-11-27,676,2000-03-21,2002-11-27,676,QQQ,0,0,False,-0.7496860839802633,-0.8298197182614617,2000-03-24,2002-10-09,-0.34782768290640553,-0.4751429461918568,2000-03-24,2002-10-09,QQQ,-0.8298197182614617,,熊市 1
2,subjective_bear_02,大熊市 02,major,2007-06-27,2009-03-20,437,2007-06-27,2009-03-20,437,SPY,0,0,False,-0.38199241789635796,-0.5340325433420552,2007-10-31,2008-11-20,-0.46863859167377353,-0.5518912082016887,2007-10-09,2009-03-09,SPY,-0.5518912082016887,,熊市 2
3,subjective_bear_03,小熊市 03,minor,2010-04-28,2010-09-02,90,2010-04-28,2010-09-02,90,QQQ,0,0,False,-0.07969966406013729,-0.15121579836680665,2010-04-29,2010-07-02,-0.07864713751126329,-0.15036838694668397,2010-04-29,2010-07-02,QQQ,-0.15121579836680665,,熊市 3
4,subjective_bear_04,小熊市 04,minor,2011-07-14,2011-10-06,60,2011-07-14,2011-10-06,60,SPY,0,0,False,-0.04482491124459731,-0.16099287888723424,2011-07-26,2011-08-19,-0.10568523828496101,-0.1789367895101116,2011-07-22,2011-10-03,SPY,-0.1789367895101116,,熊市 4
5,subjective_bear_05,小熊市 05,minor,2012-09-18,2012-11-21,45,2012-09-18,2012-11-21,45,QQQ,0,0,False,-0.08762877783787593,-0.11637929540988379,2012-09-19,2012-11-15,-0.04382192823315323,-0.07181937394621296,2012-10-17,2012-11-15,QQQ,-0.11637929540988379,,熊市 5
6,subjective_bear_06,小熊市 06,minor,2015-07-27,2015-09-25,44,2015-07-27,2015-09-25,44,QQQ,0,0,False,-0.06361953120952557,-0.12614699711147903,2015-08-05,2015-08-25,-0.06256089132987497,-0.11170665794302126,2015-07-30,2015-08-25,QQQ,-0.12614699711147903,,熊市 6
7,subjective_bear_07,小熊市 07,minor,2015-12-17,2016-02-24,46,2015-12-17,2016-02-24,46,QQQ,0,0,False,-0.08419234891257632,-0.1573053849781525,2015-12-29,2016-02-09,-0.05130633820495667,-0.11832202236974843,2015-12-29,2016-02-11,QQQ,-0.1573053849781525,,熊市 7
8,subjective_bear_08,大熊市 08,major,2018-09-24,2018-12-31,68,2018-09-24,2018-12-31,68,QQQ,0,0,False,-0.15873112297458625,-0.22699587270164112,2018-10-01,2018-12-24,-0.136210956442109,-0.1920308022770787,2018-10-01,2018-12-24,QQQ,-0.22699587270164112,,熊市 8
9,subjective_bear_09,大熊市 09,major,2020-02-10,2020-03-31,36,2020-02-10,2020-03-31,36,SPY,0,0,False,-0.17745657580034002,-0.28559369741546836,2020-02-19,2020-03-16,-0.22533414190418433,-0.33717380792910223,2020-02-19,2020-03-23,SPY,-0.33717380792910223,,熊市 9
10,subjective_bear_10,大熊市 10,major,2021-12-02,2023-01-09,277,2021-12-02,2023-01-09,277,QQQ,0,0,False,-0.3001403267600167,-0.3511878732724564,2021-12-27,2022-11-03,-0.13524118036224697,-0.24496336225207693,2022-01-03,2022-10-12,QQQ,-0.3511878732724564,,熊市 10
11,subjective_bear_11,大熊市 11,major,2024-12-26,2025-04-30,85,2024-12-26,2025-04-30,85,QQQ,0,0,False,-0.10087087292395691,-0.22768359229336155,2025-02-19,2025-04-08,-0.07505297531133981,-0.1875530874920368,2025-02-19,2025-04-08,QQQ,-0.22768359229336155,,熊市 11
12,subjective_bear_12,小熊市 12,minor,2026-01-22,2026-04-17,60,2026-01-22,2026-04-17,60,QQQ,0,0,False,0.04656852320572891,-0.11723603873248645,2026-01-28,2026-03-30,0.033527091656777364,-0.08884978267856858,2026-01-27,2026-03-30,QQQ,-0.11723603873248645,,熊市 12
