program,display_code,display_name,experiment_id,experiment_status,research_stage,run_id,run_status,symbol,metric_path,role,label,case_id,window_id,start,end,cost_bps,total_return_pct,cagr_pct,sharpe,max_drawdown_pct,exposure_pct,order_count,report
DER,DER-v0.10,QQQ 短均线导数 OR 规则基线,qqq_intraday_sma_or_2021_v1,exploratory,exploratory,,,QQQ,,,No normalized summary metric,,,,,,,,,,,,
DER,DER-v0.20a.1,QQQ 初始空仓与强制买回网格（2021–2026）,qqq_intraday_sma_reentry_grid_2021_v1,exploratory,exploratory,,,QQQ,,,No normalized summary metric,,,,,,,,,,,,
DER,DER-v0.20a.2,QQQ 强制买回网格早期窗口,qqq_intraday_sma_reentry_grid_2010_2015_v1,exploratory,exploratory,,,QQQ,,,No normalized summary metric,,,,,,,,,,,,
DER,DER-v0.20a.3,QQQ 强制买回网格全历史,qqq_intraday_sma_reentry_grid_full_history_v1,exploratory,exploratory,,,QQQ,,,No normalized summary metric,,,,,,,,,,,,
DER,DER-v0.20b.1,QQQ 三规则联合消融,qqq_intraday_sma_three_rule_ablation_full_history_v1,exploratory,exploratory,,,QQQ,,,No normalized summary metric,,,,,,,,,,,,
DER,DER-v0.30,QQQ A–H/L/R 全局搜索,qqq_intraday_sma_global_search_full_history_v1,exploratory,exploratory,,,QQQ,,,No normalized summary metric,,,,,,,,,,,,
DER,DER-v0.30a.1,QQQ 参数跨窗口稳定性,qqq_intraday_sma_window_stability_v1,exploratory,exploratory,,,QQQ,,,No normalized summary metric,,,,,,,,,,,,
DER,DER-v0.30b.1,QQQ 双时期 OAT 敏感性,qqq_intraday_sma_oat_sensitivity_two_periods_v1,exploratory,exploratory,,,QQQ,,,No normalized summary metric,,,,,,,,,,,,
DER,DER-v0.40,QQQ 最终固定参数历史评估,qqq_intraday_sma_final_fixed_full_history_v1,frozen_historical_assessment,frozen_historical_assessment,,,QQQ,,,No normalized summary metric,,,,,,,,,,,,
DER,DER-v0.40a.1,QQQ 最终参数局部高原,qqq_intraday_sma_final_local_plateau_full_history_v1,exploratory,exploratory_local_robustness,,,QQQ,,,No normalized summary metric,,,,,,,,,,,,
DER,DER-v0.41,QQQ 重定基线局部高原,qqq_intraday_sma_recentered_local_plateau_full_history_v1,exploratory,exploratory_local_robustness,,,QQQ,,,No normalized summary metric,,,,,,,,,,,,
DER,DER-v0.41a.1,QQQ 高原参数迁移到 SPY,spy_intraday_sma_recentered_fixed_2000_2020_v1,frozen_cross_asset_historical_assessment,frozen_cross_asset_historical_assessment,,,SPY,,,No normalized summary metric,,,,,,,,,,,,
DER,DER-v0.50a.1,SPY 宽域训练（1993–2002）,spy_intraday_sma_training_1993_2002_v1,training_candidate_validated,training_parameter_selection,,,SPY,,,No normalized summary metric,,,,,,,,,,,,
DER,DER-v0.50a.2,SPY 锁定窗口测试（2003–2013）,spy_intraday_sma_trained_fixed_2003_2013_v1,locked_test_validated_no_return_promotion,locked_test,,,SPY,,,No normalized summary metric,,,,,,,,,,,,
DER,DER-v0.50b.1,SPY 扩展训练（1993–2020）,spy_intraday_sma_training_1993_2020_v1,training_candidate_validated_with_narrow_dimensions,training_parameter_selection,,,SPY,,,No normalized summary metric,,,,,,,,,,,,
DER,DER-v0.60,QQQ 移除 C/D 后联合高原训练与锁定测试,qqq_intraday_sma_no_fast_drop_train_oos_v1,exploratory_train_locked_test,exploratory_train_locked_test,,,QQQ,,,No normalized summary metric,,,,,,,,,,,,
DER,DER-v0.60a.1,QQQ 无 C/D 基线双窗口单参数高原诊断,qqq_intraday_sma_no_fast_drop_oat_two_windows_v1,exploratory_robustness,exploratory_robustness,,,QQQ,,,No normalized summary metric,,,,,,,,,,,,
DER,DER-v0.60a.2,QQQ 无 C/D 基线 B=160 双窗口单参数高原诊断,qqq_intraday_sma_no_fast_drop_oat_b160_two_windows_v1,exploratory_robustness,exploratory_robustness,,,QQQ,,,No normalized summary metric,,,,,,,,,,,,
ROT,ROT-v0.10,QQQ 三条件上涨状态消融,qqq_sma_three_conditions_ablation_full_history_v1,exploratory,exploratory,,,QQQ,,,No normalized summary metric,,,,,,,,,,,,
ROT,ROT-v0.10a.1,QQQ 持仓峰值回撤训练与样本外,qqq_sma_regime_peak_drawdown_train_oos_v1,exploratory_oos_test,out_of_sample_test,,,QQQ,,,No normalized summary metric,,,,,,,,,,,,
ROT,ROT-v0.10b.1,QQQ 短均线上升与 3% 锁定回买消融,qqq_sma_regime_two_measure_ablation_two_periods_v1,exploratory_two_period_ablation,exploratory,,,QQQ,,,No normalized summary metric,,,,,,,,,,,,
ROT,ROT-v0.20,QQQ 双路径入场与四卖出规则消融,qqq_sma_entry_four_exit_ablation_two_periods_v1,exploratory_two_period_full_factorial_ablation,exploratory,,,QQQ,,,No normalized summary metric,,,,,,,,,,,,
ROT,ROT-v0.20a.1,QQQ R1+R3 参数训练,qqq_sma_r1_r3_parameter_training_2000_2015_v1,exploratory_in_sample_parameter_training,exploratory_in_sample_training,,,QQQ,,,No normalized summary metric,,,,,,,,,,,,
ROT,ROT-v0.30,熊市韧性候选统一趋势评分组合,bear_resilience_unified_trend_score_portfolio_v1,specification_frozen,retrospective_exploratory_backtest,,,RESILIENCE_21,,,No normalized summary metric,,,,,,,,,,,,
ROT,ROT-v0.40a.2,QQQ 长短趋势与下行风险三因子消融,qqq_three_factor_downside_risk_training_2000_2015_v1,specification_frozen,exploratory_in_sample_factor_ablation,,,QQQ,,,No normalized summary metric,,,,,,,,,,,,
ROT,ROT-v0.50a.1,Nasdaq-100历史成分Strategy1-90前20轮动,nasdaq100_pit_stochrsi_strategy1_top20_rotation_v1,exploratory_candidate_data,exploratory_candidate_point_in_time_rotation,,,NASDAQ100_PIT_STRATEGY1_ROTATION,,,No normalized summary metric,,,,,,,,,,,,
ROT,ROT-v0.50a.2,Nasdaq-100逐股Strategy1-90持仓与退出归因,nasdaq100_strategy1_90_holding_attribution_v1,exploratory_candidate_data,exploratory_candidate_point_in_time_attribution,,,NASDAQ100_STRATEGY1_90_ATTRIBUTION,,,No normalized summary metric,,,,,,,,,,,,
ROT,ROT-v0.50a.3,Nasdaq-100个股Strategy1-90三因子交叉消融,nasdaq100_strategy1_gate_factorial_v1,exploratory_candidate_data,exploratory_selected_sample_factorial_ablation,,,NASDAQ100_STRATEGY1_GATE_FACTORIAL,,,No normalized summary metric,,,,,,,,,,,,
ROT,ROT-v0.50a.4,Nasdaq-100 Strategy1轮动三维消融（2005–2010）,nasdaq100_strategy1_rotation_2005_2010_factorial_v1,exploratory_candidate_data,exploratory_candidate_point_in_time_factorial,,,NASDAQ100_STRATEGY1_ROTATION_2005_2010,,,No normalized summary metric,,,,,,,,,,,,
ROT,ROT-v0.50a.5,Nasdaq-100 Strategy1能量因子解剖,nasdaq100_strategy1_energy_factor_anatomy_v1,exploratory_candidate_data,exploratory_candidate_point_in_time_factor_anatomy,,,NASDAQ100_STRATEGY1_ENERGY_FACTOR,,,No normalized summary metric,,,,,,,,,,,,
ROT,ROT-v0.40b.1,QQQ P24长短趋势严格门槛网格,qqq_p24_stricter_threshold_grid_2000_2015_v1,specification_frozen,exploratory_in_sample_threshold_robustness,,,QQQ,,,No normalized summary metric,,,,,,,,,,,,
ROT,ROT-v0.40c.1,Nasdaq-100 P24原版、差集与严格版全体等权,nasdaq100_p24_three_state_portfolios_2005_2012_v1,exploratory_candidate_data,exploratory_candidate_point_in_time_ablation,,,NASDAQ100_P24_THREE_STATE_2005_2012,,,No normalized summary metric,,,,,,,,,,,,
ROT,ROT-v0.40d.1,Nasdaq-100 P24滞回与再平衡二乘二消融,nasdaq100_p24_hysteresis_rebalance_ablation_2005_2012_v1,specification_frozen,exploratory_candidate_point_in_time_factorial,,,NASDAQ100_P24_HYSTERESIS_REBALANCE_2005_2012,,,No normalized summary metric,,,,,,,,,,,,
ROT,ROT-v0.50b.1,Nasdaq-100 12-1动量Top10/Top20缓冲基线,nasdaq100_pit_12_1_momentum_top10_top20_buffer_v1,specification_frozen,exploratory_candidate_point_in_time_rotation,,,NASDAQ100_MOMENTUM_ROTATION,,,No normalized summary metric,,,,,,,,,,,,
ROT,ROT-v0.50b.2,Nasdaq-100 12-1排名绝对动量门槛消融,nasdaq100_pit_12_1_momentum_absolute_gate_factorial_v1,specification_frozen,exploratory_candidate_point_in_time_rotation,,,NASDAQ100_MOMENTUM_ROTATION,,,No normalized summary metric,,,,,,,,,,,,
TIM,TIM-v0.05,QQQ 人工择时路径核算,manual_qqq_close_schedule_2026q1_v1,exploratory,exploratory,,,QQQ,,,No normalized summary metric,,,,,,,,,,,,
TIM,TIM-v0.10,QQQ/SPY 收盘确认 SMA200 双阈值,sma200_threshold_grid_v1,exploratory,exploratory,,,,,,No normalized summary metric,,,,,,,,,,,,
TIM,TIM-v0.20a.1,QQQ 日内动态 SMA200 网格（2021–2025）,qqq_intraday_sma200_threshold_grid_2021_2025_v1,exploratory,exploratory,,,QQQ,,,No normalized summary metric,,,,,,,,,,,,
TIM,TIM-v0.20a.2,QQQ 日内动态 SMA200 历史窗口（2000–2004）,qqq_intraday_sma200_threshold_grid_2000_2004_v1,exploratory,exploratory,,,QQQ,,,No normalized summary metric,,,,,,,,,,,,
TIM,TIM-v0.20a.3,QQQ 日内动态 SMA200 历史窗口（2010–2014）,qqq_intraday_sma200_threshold_grid_2010_2014_v1,exploratory,exploratory,,,QQQ,,,No normalized summary metric,,,,,,,,,,,,
TIM,TIM-v0.30,QQQ SMA200 多窗口稳健选参,qqq_intraday_sma200_robust_selection_v1,exploratory,exploratory,,,QQQ,,,No normalized summary metric,,,,,,,,,,,,
TIM,TIM-v0.30a.1,QQQ SMA200 强制卖出敏感性,qqq_intraday_sma200_forced_sell_sensitivity_v1,exploratory,exploratory,,,QQQ,,,No normalized summary metric,,,,,,,,,,,,
TIM,TIM-v0.40,熊市事件 SMA200 滞回组合,bear_market_event_sma200_hysteresis_portfolios_v1,specification_frozen,retrospective_event_conditioned_exploratory_backtest,,,BEAR_EVENT_PORTFOLIOS,,,No normalized summary metric,,,,,,,,,,,,
TIM,TIM-v0.60a.1,RKLB Stochastic RSI 阈值与周期网格,rklb_stochrsi_threshold_grid_v1,exploratory,exploratory,,,RKLB,,,No normalized summary metric,,,,,,,,,,,,
TIM,TIM-v0.70,QQQ 双周期 Stochastic RSI 三种择时语义,qqq_dual_stochrsi_timing_v1,exploratory,exploratory,,,QQQ,,,No normalized summary metric,,,,,,,,,,,,
TIM,TIM-v0.70a.1,QQQ 双周期 Stochastic RSI CROSS 全历史阈值网格,qqq_dual_stochrsi_cross_threshold_grid_full_history_v1,exploratory,exploratory,,,QQQ,,,No normalized summary metric,,,,,,,,,,,,
TIM,TIM-v0.70a.2,QQQ 双周期 Stochastic RSI CROSS 周期网格,qqq_dual_stochrsi_cross_period_grid_full_history_v1,exploratory,exploratory,,,QQQ,,,No normalized summary metric,,,,,,,,,,,,
TIM,TIM-v0.70a.3,QQQ 双周期 Stochastic RSI 多起点稳健选参,qqq_dual_stochrsi_cross_multistart_robustness_v1,exploratory,training_then_locked_test,,,QQQ,,,No normalized summary metric,,,,,,,,,,,,
TIM,TIM-v0.70a.4,QQQ 双周期 Stochastic RSI 2010–2026全样本多起点,qqq_dual_stochrsi_cross_multistart_full_2010_2026_v1,exploratory,full_sample_multistart_exploration,,,QQQ,,,No normalized summary metric,,,,,,,,,,,,
TIM,TIM-v0.70a.5,QQQ 双周期 Stochastic RSI 多维稳健筛选,qqq_dual_stochrsi_cross_multihorizon_robustness_v1,exploratory,full_sample_multihorizon_robustness_exploration,,,QQQ,,,No normalized summary metric,,,,,,,,,,,,
TIM,TIM-v0.70a.6,QQQ Stochastic RSI 2005–2020稳健训练与2021–2026锁定验证,qqq_dual_stochrsi_robust_train_2005_2020_oos_2021_2026_v1,holdout_validation,locked_out_of_sample_validation,,,QQQ,,,No normalized summary metric,,,,,,,,,,,,
TIM,TIM-v0.70a.7,QQQ 双周期 Stochastic RSI 2000–2015窄网格稳健选参,qqq_dual_stochrsi_narrow_robust_2000_2015_v1,exploratory,narrow_grid_robust_training_exploration,,,QQQ,,,No normalized summary metric,,,,,,,,,,,,
TIM,TIM-v0.70a.8,QQQ Stochastic RSI 2000–2015首次入场对齐大范围稳健选参,qqq_dual_stochrsi_first_entry_aligned_broad_robust_2000_2015_v1,exploratory,broad_grid_first_entry_aligned_robust_training_exploration,,,QQQ,,,No normalized summary metric,,,,,,,,,,,,
TIM,TIM-v0.70a.9,QQQ Stochastic RSI 2000–2015超大网格四参数面,qqq_dual_stochrsi_supergrid_heatmaps_2000_2015_v1,exploratory,supergrid_surface_exploration,,,QQQ,,,No normalized summary metric,,,,,,,,,,,,
TIM,TIM-v0.70b.1,QQQ 单周期 Stochastic RSI 2005–2020稳健选参,qqq_single_stochrsi_robust_2005_2020_v1,exploratory,single_period_robust_training_exploration,,,QQQ,,,No normalized summary metric,,,,,,,,,,,,
TIM,TIM-v0.70c.1,QQQ双StochRSI与Bear9漂移再平衡比较,qqq_stochrsi_bear9_drift_comparison_v1,specification_frozen,exploratory_full_history_policy_comparison,,,QQQ_STOCHRSI_BEAR9,,,No normalized summary metric,,,,,,,,,,,,
TIM,TIM-v0.60b.1,RKLB 日内动态 SMA 双阈值网格,rklb_intraday_sma_threshold_grid_v1,exploratory,exploratory,,,RKLB,,,No normalized summary metric,,,,,,,,,,,,
TIM,TIM-v0.50a.1,QQQ 独立买卖 SMA 周期锁定样本外,qqq_intraday_sma_period_cross_locked_2016_2026_v1,locked_test,locked_test_with_predeclared_sensitivity,,,QQQ,,,No normalized summary metric,,,,,,,,,,,,
TIM,TIM-v0.40a.2,八标的 SMA200 峰值回撤阈值网格,bear_selected8_sma200_trailing_stop_grid_v1,specification_frozen,retrospective_event_conditioned_exploratory_parameter_grid,,,BEAR_SELECTED8_STOP_GRID,,,No normalized summary metric,,,,,,,,,,,,
TIM,TIM-v0.50,QQQ 独立买卖 SMA 周期与纠错网格,qqq_intraday_sma_period_cross_grid_1999_2015_v1,exploratory,exploratory,,,QQQ,,,No normalized summary metric,,,,,,,,,,,,
TIM,TIM-v0.50b.1,QQQ 双均线恢复试探与失败退出网格,qqq_sma_recovery_probation_grid_2000_2015_v1,exploratory,exploratory,,,QQQ,,,No normalized summary metric,,,,,,,,,,,,
TIM,TIM-v0.50b.2,QQQ 双均线恢复试探角色约束网格,qqq_sma_recovery_probation_role_grid_2000_2015_v1,exploratory,exploratory,,,QQQ,,,No normalized summary metric,,,,,,,,,,,,
TIM,TIM-v0.40a.1,熊市双坑位与峰值回撤止损消融,bear_market_weighted_trailing_stop_ablation_v1,specification_frozen,retrospective_event_conditioned_exploratory_backtest,,,BEAR_EVENT_WEIGHTED_STOPS,,,No normalized summary metric,,,,,,,,,,,,
TIM,TIM-v0.20b.1,QQQ 满仓长期斜率与短趋势质量训练,qqq_full_position_sma_trend_quality_training_2000_2015_v1,specification_frozen,exploratory_in_sample_training,,,QQQ,,,No normalized summary metric,,,,,,,,,,,,
TIM,TIM-v0.20b.2,QQQ 满仓F2/F4四维边界扩展,qqq_full_position_sma_trend_quality_boundary_expansion_2000_2015_v1,specification_frozen,exploratory_in_sample_boundary_expansion,,,QQQ,,,No normalized summary metric,,,,,,,,,,,,
TIM,TIM-v0.40b.1,24标的 ATR 固定硬止损四政策消融,bear24_atr_hard_stop_policy_ablation_v1,specification_frozen,retrospective_event_conditioned_exploratory_policy_ablation,,,BEAR24_ATR_ABLATION,,,No normalized summary metric,,,,,,,,,,,,
TIM,TIM-v0.40b.2,24标的完整SMA窗口高原诊断,bear24_sma_window_plateau_v1,specification_frozen,retrospective_event_conditioned_exploratory_parameter_stability_scan,,,BEAR24_SMA_WINDOW_GRID,,,No normalized summary metric,,,,,,,,,,,,
TIM,TIM-v0.40b.3,六标的SMA局部细网格诊断,bear6_sma_fine_window_scan_v1,specification_frozen,retrospective_event_conditioned_exploratory_local_parameter_scan,,,BEAR6_SMA_FINE_WINDOW_GRID,,,No normalized summary metric,,,,,,,,,,,,
TIM,TIM-v0.40c.1,MO/AZO/TLT SMA200空仓期归因,trio_sma200_flat_spell_attribution_v1,specification_frozen,exploratory_full_history_fixed_policy_event_attribution,,,,,,No normalized summary metric,,,,,,,,,,,,
TIM,TIM-v0.40c.2,QQQ空仓期三替代标的择时,qqq_flat_trio_substitution_v1,specification_frozen,exploratory_post_selected_overlay_attribution,,,QQQ_FLAT_SUBSTITUTION,,,No normalized summary metric,,,,,,,,,,,,
TIM,TIM-v0.40c.3,QQQ空仓期七替代候选扩展,qqq_flat_expanded_substitution_v1,specification_frozen,exploratory_post_selected_candidate_expansion,,,QQQ_FLAT_SUBSTITUTION,,,No normalized summary metric,,,,,,,,,,,,
TIM,TIM-v0.40c.4,QQQ空仓期24替代标的SMA筛选消融,qqq_flat_bear24_sma_ablation_v1,specification_frozen,exploratory_post_selected_full_universe_ablation,,,QQQ_FLAT_SUBSTITUTION,,,No normalized summary metric,,,,,,,,,,,,
TIM,TIM-v0.40d.1,QQQ六择时器Bear9与再平衡稳健性,qqq_timing_bear9_rebalance_robustness_v1,specification_frozen,exploratory_full_history_policy_robustness,,,QQQ_BEAR9_REBALANCE,,,No normalized summary metric,,,,,,,,,,,,
TIM,TIM-v0.80,QQQ StochRSI 分档补仓与双虚拟池减仓,qqq_stochrsi_scaled_accumulation_virtual_pools_2015_2026_v1,exploratory,exploratory,,,QQQ,,,No normalized summary metric,,,,,,,,,,,,
TIM,TIM-v0.80a.1,QQQ StochRSI 分档补仓与虚拟池结构消融,qqq_stochrsi_scaled_pool_structural_ablation_2015_2026_v1,exploratory,exploratory,,,QQQ,,,No normalized summary metric,,,,,,,,,,,,
TIM,TIM-v0.80a.2,QQQ StochRSI 低仓位恢复买入三因子消融,qqq_stochrsi_sparse_entry_factorial_2015_2026_v1,exploratory,exploratory,,,QQQ,,,No normalized summary metric,,,,,,,,,,,,
TIM,TIM-v0.80a.3,QQQ StochRSI 母策略与持仓门控,qqq_stochrsi_position_gate_comparison_2015_2026_v1,exploratory,exploratory,,,QQQ,,,No normalized summary metric,,,,,,,,,,,,
TIM,TIM-v0.80a.4,QQQ StochRSI 真正1/2/4母策略与持仓门控,qqq_stochrsi_true124_position_gate_comparison_2015_2026_v1,exploratory,exploratory,,,QQQ,,,No normalized summary metric,,,,,,,,,,,,
TIM,TIM-v0.80a.5,QQQ StochRSI 90%持仓信号交集,qqq_stochrsi_90pct_and_gate_comparison_2015_2026_v1,exploratory,exploratory,,,QQQ,,,No normalized summary metric,,,,,,,,,,,,
TIM,TIM-v0.70b.2,QQQ单周期StochRSI五年滚动漂移诊断,qqq_single_stochrsi_rolling_drift_2005_2020_v1,exploratory,rolling_window_parameter_drift_diagnostic,,,QQQ,,,No normalized summary metric,,,,,,,,,,,,
TIM,TIM-v0.90,AAPL双均线双窗口收益网格,aapl_dual_sma_two_window_grid_v1,exploratory,exploratory,,,AAPL,,,No normalized summary metric,,,,,,,,,,,,
TIM,TIM-v0.90a.1,AAPL双均线双窗口持仓CAGR网格,aapl_dual_sma_holding_cagr_grid_v1,exploratory,exploratory,,,AAPL,,,No normalized summary metric,,,,,,,,,,,,
TIM,TIM-v0.70b.3,QQQ单周期StochRSI年度CAGR冠军换参测试,qqq_single_stochrsi_annual_dynamic_oos_2011_2021_v1,exploratory,exploratory_walk_forward_parameter_schedule_test,,,QQQ,,,No normalized summary metric,,,,,,,,,,,,
