date,symbol,open,high,low,close,volume
1990-01-02,PDQ-199207,23.65502,23.65502,23.281519,23.40602,89658.56
1990-01-03,PDQ-199207,23.40602,23.40602,22.78352,22.78352,172489.81
1990-01-04,PDQ-199207,22.65902,22.65902,21.289518,21.912018,446887.2
1990-01-05,PDQ-199207,21.912018,22.78352,21.538517,22.285519,449798.8
1990-01-08,PDQ-199207,22.285519,22.65902,21.787518,22.65902,131425.6
1990-01-09,PDQ-199207,22.65902,22.65902,21.912018,22.036518,159939.62
1990-01-10,PDQ-199207,21.787518,21.787518,19.173016,19.795517,800802.56
1990-01-11,PDQ-199207,17.554514,17.554514,15.687013,16.932014,1877106.9
1990-01-12,PDQ-199207,16.932014,17.181015,16.185013,16.683014,708935.1
1990-01-15,PDQ-199207,16.683014,16.932014,16.683014,16.807514,302007.78
1990-01-16,PDQ-199207,16.434013,16.434013,15.811513,15.936013,527007.6
1990-01-17,PDQ-199207,15.936013,16.309513,14.317512,14.815513,432228.56
1990-01-18,PDQ-199207,14.691012,14.691012,13.695011,14.193012,728212.25
1990-01-19,PDQ-199207,14.193012,15.189013,14.068512,14.815513,478011.66
1990-01-22,PDQ-199207,14.815513,14.940012,13.819511,13.944012,153313.12
1990-01-23,PDQ-199207,13.819511,13.819511,13.197011,13.321511,304718.62
1990-01-24,PDQ-199207,13.321511,13.321511,12.45001,13.197011,256425.48
1990-01-25,PDQ-199207,13.197011,13.819511,13.072511,13.321511,315361.2
1990-01-26,PDQ-199207,13.695011,14.193012,13.695011,14.193012,250602.2
1990-01-29,PDQ-199207,14.193012,14.815513,13.944012,14.193012,246385.34
1990-01-30,PDQ-199207,14.193012,14.317512,13.197011,13.321511,132028
1990-01-31,PDQ-199207,13.321511,13.446012,12.94801,13.446012,317369.22
1990-02-01,PDQ-199207,13.446012,13.819511,13.321511,13.446012,163353.28
1990-02-02,PDQ-199207,13.695011,15.189013,13.695011,15.064512,364557.94
1990-02-05,PDQ-199207,14.940012,14.940012,14.442012,14.442012,256827.1
1990-02-06,PDQ-199207,14.442012,14.815513,14.193012,14.691012,157027.98
1990-02-07,PDQ-199207,14.317512,14.317512,13.819511,14.068512,305722.62
1990-02-08,PDQ-199207,14.068512,14.193012,13.072511,13.446012,205421.52
1990-02-09,PDQ-199207,13.446012,13.570511,12.574511,12.94801,435541.8
1990-02-12,PDQ-199207,12.94801,13.072511,12.574511,12.699011,185240.81
1990-02-13,PDQ-199207,12.699011,12.82351,12.574511,12.699011,101104.336
1990-02-14,PDQ-199207,12.82351,13.197011,12.82351,12.94801,127409.53
1990-02-15,PDQ-199207,12.94801,12.94801,11.70301,12.45001,268072.06
1990-02-16,PDQ-199207,12.45001,12.574511,12.32551,12.45001,181927.56
1990-02-20,PDQ-199207,12.45001,12.699011,12.20101,12.699011,123795.08
1990-02-21,PDQ-199207,12.699011,12.82351,12.45001,12.574511,167770.94
1990-02-22,PDQ-199207,12.574511,13.072511,12.45001,12.82351,285341.12
1990-02-23,PDQ-199207,12.82351,12.82351,12.574511,12.574511,110843.28
1990-02-26,PDQ-199207,12.574511,12.82351,12.32551,12.45001,230521.89
1990-02-27,PDQ-199207,12.45001,12.574511,11.95201,11.95201,79518.01
1990-02-28,PDQ-199207,11.95201,11.95201,11.32951,11.454009,246184.53
1990-03-01,PDQ-199207,11.578509,12.45001,11.578509,12.20101,470180.34
1990-03-02,PDQ-199207,12.20101,13.446012,12.20101,12.574511,389156.3
1990-03-05,PDQ-199207,12.82351,13.321511,12.82351,13.197011,254618.27
1990-03-06,PDQ-199207,13.321511,13.695011,13.321511,13.695011,149999.88
1990-03-07,PDQ-199207,13.695011,13.695011,12.82351,12.94801,146686.62
1990-03-08,PDQ-199207,12.94801,13.446012,12.94801,13.446012,135341.25
1990-03-09,PDQ-199207,13.446012,13.944012,13.197011,13.321511,320481.66
1990-03-12,PDQ-199207,13.321511,13.321511,13.072511,13.321511,38955.79
1990-03-13,PDQ-199207,13.321511,13.446012,13.072511,13.197011,68775.05
1990-03-14,PDQ-199207,13.197011,13.321511,13.197011,13.197011,119678.62
1990-03-15,PDQ-199207,13.197011,13.321511,13.197011,13.321511,69176.65
1990-03-16,PDQ-199207,13.321511,13.321511,12.94801,12.94801,283634.3
1990-03-19,PDQ-199207,12.94801,12.94801,12.32551,12.45001,206525.94
1990-03-20,PDQ-199207,12.45001,12.574511,12.32551,12.45001,62851.35
1990-03-21,PDQ-199207,12.45001,12.45001,12.20101,12.32551,26305.2
1990-03-22,PDQ-199207,12.32551,12.45001,12.20101,12.45001,145481.81
1990-03-23,PDQ-199207,12.45001,12.82351,12.45001,12.699011,175702.67
1990-03-26,PDQ-199207,12.699011,12.94801,12.699011,12.94801,190361.28
1990-03-27,PDQ-199207,12.94801,12.94801,12.699011,12.82351,105321.195
1990-03-28,PDQ-199207,12.82351,13.197011,12.82351,13.072511,387047.88
1990-03-29,PDQ-199207,13.072511,13.072511,12.699011,12.82351,210341.19
1990-03-30,PDQ-199207,12.82351,12.82351,11.454009,11.82751,359738.66
1990-04-02,PDQ-199207,11.598043,11.598043,11.473333,11.598043,151250.73
1990-04-03,PDQ-199207,11.598043,11.598043,10.974493,10.974493,196054.62
1990-04-04,PDQ-199207,10.974493,11.348623,9.727391,10.350942,505672.6
1990-04-05,PDQ-199207,10.226232,10.226232,9.727391,9.727391,347405.6
1990-04-06,PDQ-199207,9.727391,10.226232,9.727391,9.852101,524817
1990-04-09,PDQ-199207,9.852101,9.976811,9.602681,9.976811,157565.38
1990-04-10,PDQ-199207,9.976811,10.350942,9.976811,10.1015215,360836.72
1990-04-11,PDQ-199207,10.1015215,10.350942,10.1015215,10.226232,351715.6
1990-04-12,PDQ-199207,10.226232,10.226232,9.976811,9.976811,309217.03
1990-04-16,PDQ-199207,9.976811,10.350942,9.602681,9.727391,239355.03
1990-04-17,PDQ-199207,9.727391,10.350942,8.97913,9.852101,689899.75
1990-04-18,PDQ-199207,9.852101,9.976811,8.97913,9.602681,408848.06
1990-04-19,PDQ-199207,9.602681,9.602681,9.228551,9.477971,192045.33
1990-04-20,PDQ-199207,9.477971,9.477971,9.103841,9.353261,42999.71
1990-04-23,PDQ-199207,9.228551,9.228551,8.97913,8.97913,85598.49
1990-04-24,PDQ-199207,9.103841,9.228551,9.103841,9.103841,53524.113
1990-04-25,PDQ-199207,9.103841,9.228551,9.103841,9.103841,113262.64
1990-04-26,PDQ-199207,9.103841,9.228551,8.480289,8.72971,310119.12
1990-04-27,PDQ-199207,8.72971,9.103841,8.355579,8.97913,634170.56
1990-04-30,PDQ-199207,8.97913,9.103841,8.72971,8.97913,178413.72
1990-05-01,PDQ-199207,8.97913,8.97913,7.856739,8.106159,516698.16
1990-05-02,PDQ-199207,8.106159,8.230869,7.981449,7.981449,399726.9
1990-05-03,PDQ-199207,7.981449,8.106159,7.233188,7.856739,982879.2
1990-05-04,PDQ-199207,7.856739,8.230869,7.233188,7.981449,389102.28
1990-05-07,PDQ-199207,8.106159,8.72971,8.106159,8.355579,188236.5
1990-05-08,PDQ-199207,8.355579,8.480289,7.981449,8.355579,186131.61
1990-05-09,PDQ-199207,8.355579,8.97913,7.981449,8.97913,666746.06
1990-05-10,PDQ-199207,8.97913,10.1015215,8.97913,9.976811,1657042.5
1990-05-11,PDQ-199207,10.350942,10.974493,10.350942,10.350942,1078500.9
1990-05-14,PDQ-199207,11.473333,12.969854,11.473333,12.096884,1680396.6
1990-05-15,PDQ-199207,12.096884,13.219275,11.598043,12.595724,663438.44
1990-05-16,PDQ-199207,12.595724,12.845144,12.096884,12.471014,380883.22
1990-05-17,PDQ-199207,12.471014,12.595724,11.847464,12.096884,508078.16
1990-05-18,PDQ-199207,12.221594,13.967536,12.221594,13.718116,2176246.5
1990-05-21,PDQ-199207,13.718116,14.341666,13.343986,13.468696,891868.1
1990-05-22,PDQ-199207,13.343986,13.343986,12.845144,12.845144,684387
1990-05-23,PDQ-199207,12.845144,13.094565,12.221594,12.845144,423381.75
1990-05-24,PDQ-199207,12.845144,12.969854,12.595724,12.720434,166486.06
1990-05-25,PDQ-199207,12.720434,12.720434,12.346304,12.471014,217003.2
1990-05-29,PDQ-199207,12.346304,12.346304,11.722754,12.346304,210488.1
1990-05-30,PDQ-199207,12.346304,12.346304,11.847464,11.972174,202269.03
1990-05-31,PDQ-199207,11.972174,11.972174,10.725072,11.722754,975261.5
1990-06-01,PDQ-199207,11.722754,11.847464,11.598043,11.722754,265916.62
1990-06-04,PDQ-199207,11.722754,12.471014,11.598043,12.221594,488633.06
1990-06-05,PDQ-199207,12.221594,12.595724,12.221594,12.471014,419272.22
1990-06-06,PDQ-199207,12.471014,13.094565,12.346304,13.094565,541255.1
1990-06-07,PDQ-199207,13.094565,13.219275,12.595724,13.094565,468185.66
1990-06-08,PDQ-199207,13.094565,13.094565,12.595724,12.720434,283858.22
1990-06-11,PDQ-199207,12.720434,13.219275,12.595724,12.969854,201868.11
1990-06-12,PDQ-199207,12.969854,13.219275,12.595724,12.845144,355424.2
1990-06-13,PDQ-199207,12.595724,12.595724,10.725072,11.473333,1017659.8
1990-06-14,PDQ-199207,11.473333,11.722754,11.099203,11.223913,375069.72
1990-06-15,PDQ-199207,11.223913,11.223913,9.852101,9.852101,490337.03
1990-06-18,PDQ-199207,9.852101,10.350942,9.852101,10.350942,294683.34
1990-06-19,PDQ-199207,10.350942,10.600362,9.976811,10.1015215,256595
1990-06-20,PDQ-199207,10.1015215,10.226232,9.602681,9.727391,139623.77
1990-06-21,PDQ-199207,9.602681,9.602681,8.72971,8.97913,631163.56
1990-06-22,PDQ-199207,8.97913,9.353261,8.97913,8.97913,396619.72
1990-06-25,PDQ-199207,8.97913,9.103841,8.72971,8.72971,237751.31
1990-06-26,PDQ-199207,8.72971,8.97913,7.981449,8.355579,472595.88
1990-06-27,PDQ-199207,8.355579,8.72971,8.230869,8.230869,445633.38
1990-06-28,PDQ-199207,8.230869,8.97913,8.106159,8.605,207380.89
1990-06-29,PDQ-199207,8.625,9,8.5,9,280400
1990-07-02,PDQ-199207,9,9,7.875,7.875,479100
1990-07-03,PDQ-199207,7.875,8,6.75,7.125,1039600
1990-07-05,PDQ-199207,7.125,7.75,7.125,7.375,647100
1990-07-06,PDQ-199207,7.5,8,7.5,8,310800
1990-07-09,PDQ-199207,8,8.375,7.875,8,304200
1990-07-10,PDQ-199207,8,8.125,7.25,7.625,322300
1990-07-11,PDQ-199207,7.625,7.875,7.5,7.625,83200
1990-07-12,PDQ-199207,7.625,8.125,7.5,8.125,278500
1990-07-13,PDQ-199207,8.125,8.25,7.625,7.875,122400
1990-07-16,PDQ-199207,7.875,7.875,7.625,7.75,77800
1990-07-17,PDQ-199207,7.75,7.75,7.5,7.625,140600
1990-07-18,PDQ-199207,7.625,7.625,7.5,7.625,81600
1990-07-19,PDQ-199207,7.625,7.75,7.5,7.625,67800
1990-07-20,PDQ-199207,7.625,7.625,7.375,7.5,113000
1990-07-23,PDQ-199207,7.5,7.625,7.125,7.25,128800
1990-07-24,PDQ-199207,7.25,7.25,6.375,6.75,184800
1990-07-25,PDQ-199207,6.75,6.75,6,6.25,645400
1990-07-26,PDQ-199207,6.25,6.75,6.125,6.5,290000
1990-07-27,PDQ-199207,6.625,6.875,6.625,6.75,142000
1990-07-30,PDQ-199207,6.75,6.75,6.5,6.625,107400
1990-07-31,PDQ-199207,6.625,6.625,5.375,5.625,650900
1990-08-01,PDQ-199207,5.625,5.75,4.25,5.125,920900
1990-08-02,PDQ-199207,5.125,5.5,4.875,5.375,191900
1990-08-03,PDQ-199207,5.375,5.375,4.875,5.375,111100
1990-08-06,PDQ-199207,5.125,5.125,4.75,5.125,116100
1990-08-07,PDQ-199207,5.125,5.125,4.375,5,88700
1990-08-08,PDQ-199207,5,5,4.5,4.625,186300
1990-08-09,PDQ-199207,4.625,5,4.5,4.875,134800
1990-08-10,PDQ-199207,4.875,5,4.75,4.875,64500
1990-08-13,PDQ-199207,4.875,4.875,4.625,4.875,67200
1990-08-14,PDQ-199207,4.875,5,4.625,4.75,51700
1990-08-15,PDQ-199207,4.75,5,4.75,4.75,75800
1990-08-16,PDQ-199207,4.75,4.875,4.5,4.5,60800
1990-08-17,PDQ-199207,4.5,4.875,4.375,4.375,96500
1990-08-20,PDQ-199207,4.5,4.625,4.5,4.5,69600
1990-08-21,PDQ-199207,4.5,5.5,4,5.125,407600
1990-08-22,PDQ-199207,5,5,4.25,4.5,90000
1990-08-23,PDQ-199207,4.375,4.375,4.125,4.375,97200
1990-08-24,PDQ-199207,4.375,4.375,4,4.25,112000
1990-08-27,PDQ-199207,4.25,4.5,4.25,4.375,100500
1990-08-28,PDQ-199207,4.375,4.5,4.375,4.375,47600
1990-08-29,PDQ-199207,4.375,4.5,4.125,4.125,51600
1990-08-30,PDQ-199207,4.125,4.25,4,4,142700
1990-08-31,PDQ-199207,4,4.375,3.875,4.375,221300
1990-09-04,PDQ-199207,4.375,4.625,4.125,4.375,29700
1990-09-05,PDQ-199207,4.375,4.375,4.125,4.25,38700
1990-09-06,PDQ-199207,4.125,4.125,3.5,3.75,222200
1990-09-07,PDQ-199207,3.625,3.625,3.125,3.375,415500
1990-09-10,PDQ-199207,3.375,3.375,2.5,2.75,450700
1990-09-11,PDQ-199207,2.75,3,2.375,2.625,308200
1990-09-12,PDQ-199207,2.25,2.25,1.875,2.125,1214000
1990-09-13,PDQ-199207,2.125,2.125,1.5,1.75,694600
1990-09-14,PDQ-199207,1.375,1.375,1,1.375,1677500
1990-09-17,PDQ-199207,1.375,1.375,1,1.25,1336200
1990-09-18,PDQ-199207,1,1,0.438,0.5,2281700
1990-09-19,PDQ-199207,0.5,0.75,0.438,0.625,2394600
1990-09-20,PDQ-199207,0.625,0.75,0.625,0.688,577000
1990-09-21,PDQ-199207,0.688,0.875,0.625,0.688,840200
1990-09-24,PDQ-199207,0.688,0.688,0.5,0.688,801800
1990-09-25,PDQ-199207,0.688,0.75,0.563,0.688,263600
1990-09-26,PDQ-199207,0.688,0.688,0.563,0.625,194500
1990-09-27,PDQ-199207,0.625,0.625,0.563,0.625,344000
1990-09-28,PDQ-199207,0.625,0.625,0.5,0.563,270700
1990-10-01,PDQ-199207,0.563,0.625,0.5,0.563,201600
1990-10-02,PDQ-199207,0.563,0.563,0.438,0.5,299500
1990-10-03,PDQ-199207,0.5,0.5,0.313,0.375,455900
1990-10-04,PDQ-199207,0.375,0.5,0.375,0.5,239600
1990-10-05,PDQ-199207,0.5,0.563,0.438,0.563,170500
1990-10-08,PDQ-199207,0.563,0.563,0.438,0.5,121500
1990-10-09,PDQ-199207,0.5,0.5,0.438,0.5,80400
1990-10-10,PDQ-199207,0.5,0.5,0.438,0.438,116200
1990-10-11,PDQ-199207,0.438,0.563,0.375,0.5,299300
1990-10-12,PDQ-199207,0.5,0.5,0.438,0.469,87900
1990-10-15,PDQ-199207,0.469,0.5,0.438,0.438,48900
1990-10-16,PDQ-199207,0.438,0.5,0.406,0.5,69000
1990-10-17,PDQ-199207,0.438,0.438,0.375,0.406,117900
1990-10-18,PDQ-199207,0.406,0.406,0.344,0.375,277000
1990-10-19,PDQ-199207,0.375,0.5,0.375,0.469,155300
1990-10-22,PDQ-199207,0.469,0.469,0.438,0.469,163600
1990-10-23,PDQ-199207,0.469,0.469,0.406,0.438,114100
1990-10-24,PDQ-199207,0.438,0.469,0.406,0.469,148500
1990-10-25,PDQ-199207,0.469,0.813,0.406,0.438,37300
1990-10-26,PDQ-199207,0.438,0.5,0.406,0.438,71000
1990-10-29,PDQ-199207,0.438,0.5,0.406,0.5,109700
1990-10-30,PDQ-199207,0.469,0.469,0.406,0.469,196400
1990-10-31,PDQ-199207,0.469,0.469,0.406,0.406,70700
1990-11-01,PDQ-199207,0.406,0.438,0.406,0.438,118500
1990-11-02,PDQ-199207,0.438,0.438,0.406,0.406,58500
1990-11-05,PDQ-199207,0.406,0.438,0.406,0.406,43400
1990-11-06,PDQ-199207,0.406,0.469,0.406,0.438,135800
1990-11-07,PDQ-199207,0.438,0.5,0.438,0.469,60700
1990-11-08,PDQ-199207,0.469,0.5,0.438,0.438,97300
1990-11-09,PDQ-199207,0.438,0.469,0.406,0.438,171800
1990-11-12,PDQ-199207,0.438,0.438,0.406,0.406,139100
1990-11-13,PDQ-199207,0.406,0.438,0.406,0.438,26400
1990-11-14,PDQ-199207,0.438,0.469,0.406,0.438,164800
1990-11-15,PDQ-199207,0.438,0.5,0.438,0.5,33900
1990-11-16,PDQ-199207,0.5,0.5,0.469,0.5,126000
1990-11-19,PDQ-199207,0.5,0.563,0.469,0.5,125900
1990-11-20,PDQ-199207,0.5,0.625,0.5,0.563,84200
1990-11-21,PDQ-199207,0.563,0.625,0.563,0.563,90400
1990-11-23,PDQ-199207,0.563,0.813,0.563,0.813,198600
1990-11-26,PDQ-199207,0.813,0.813,0.688,0.688,120300
1990-11-27,PDQ-199207,0.688,0.75,0.625,0.688,77800
1990-11-28,PDQ-199207,0.688,0.688,0.5,0.563,390700
1990-11-29,PDQ-199207,0.563,0.688,0.5,0.5,80800
1990-11-30,PDQ-199207,0.5,0.625,0.5,0.625,188100
1990-12-03,PDQ-199207,0.625,0.688,0.625,0.688,73700
1990-12-04,PDQ-199207,0.688,0.688,0.563,0.563,115500
1990-12-05,PDQ-199207,0.563,0.625,0.5,0.563,113600
1990-12-06,PDQ-199207,0.563,0.625,0.563,0.563,35700
1990-12-07,PDQ-199207,0.563,0.625,0.563,0.563,78900
1990-12-10,PDQ-199207,0.563,0.625,0.563,0.563,69400
1990-12-11,PDQ-199207,0.563,0.625,0.5,0.5,282500
1990-12-12,PDQ-199207,0.5,0.563,0.5,0.5,110900
1990-12-13,PDQ-199207,0.5,0.563,0.5,0.563,79200
1990-12-14,PDQ-199207,0.563,0.563,0.5,0.5,116000
1990-12-17,PDQ-199207,0.5,0.563,0.469,0.5,103600
1990-12-18,PDQ-199207,0.5,0.563,0.5,0.5,72800
1990-12-19,PDQ-199207,0.5,0.563,0.5,0.563,111100
1990-12-20,PDQ-199207,0.563,0.563,0.5,0.563,60500
1990-12-21,PDQ-199207,0.563,0.563,0.5,0.5,187400
1990-12-24,PDQ-199207,0.5,0.563,0.469,0.5,75600
1990-12-26,PDQ-199207,0.5,0.5,0.469,0.5,90300
1990-12-27,PDQ-199207,0.5,0.5,0.438,0.469,118800
1990-12-28,PDQ-199207,0.469,0.469,0.438,0.438,140900
1990-12-31,PDQ-199207,0.438,0.469,0.375,0.406,492500
1991-01-02,PDQ-199207,0.438,0.5,0.438,0.5,77900
1991-01-03,PDQ-199207,0.5,0.5,0.469,0.5,118700
1991-01-04,PDQ-199207,0.5,0.5,0.438,0.5,31400
1991-01-07,PDQ-199207,0.5,0.5,0.438,0.438,112400
1991-01-08,PDQ-199207,0.438,0.469,0.375,0.406,193000
1991-01-09,PDQ-199207,0.406,0.438,0.344,0.375,155800
1991-01-10,PDQ-199207,0.375,0.375,0.25,0.281,411000
1991-01-11,PDQ-199207,0.281,0.375,0.281,0.313,143400
1991-01-14,PDQ-199207,0.313,0.313,0.281,0.313,132800
1991-01-15,PDQ-199207,0.313,0.313,0.281,0.313,86100
1991-01-16,PDQ-199207,0.313,0.344,0.281,0.313,22600
1991-01-17,PDQ-199207,0.313,0.344,0.25,0.25,1569500
1991-01-18,PDQ-199207,0.25,0.375,0.25,0.313,54000
1991-01-21,PDQ-199207,0.281,0.281,0.25,0.281,66300
1991-01-22,PDQ-199207,0.281,0.281,0.25,0.281,23500
1991-01-23,PDQ-199207,0.281,0.281,0.25,0.281,207000
1991-01-24,PDQ-199207,0.281,0.281,0.25,0.25,112800
1991-01-25,PDQ-199207,0.281,0.313,0.281,0.281,66300
1991-01-28,PDQ-199207,0.281,0.313,0.281,0.313,36100
1991-01-29,PDQ-199207,0.313,0.375,0.313,0.375,61000
1991-01-30,PDQ-199207,0.375,0.406,0.344,0.406,99200
1991-01-31,PDQ-199207,0.406,0.406,0.375,0.406,29100
1991-02-01,PDQ-199207,0.406,0.438,0.313,0.438,239100
1991-02-04,PDQ-199207,0.438,0.5,0.406,0.5,97700
1991-02-05,PDQ-199207,0.5,0.5,0.469,0.5,193600
1991-02-06,PDQ-199207,0.469,0.469,0.438,0.469,34800
1991-02-07,PDQ-199207,0.469,0.469,0.438,0.438,98600
1991-02-08,PDQ-199207,0.438,0.438,0.406,0.438,57100
1991-02-11,PDQ-199207,0.438,0.438,0.406,0.438,48800
1991-02-12,PDQ-199207,0.438,0.438,0.406,0.438,65600
1991-02-13,PDQ-199207,0.438,0.438,0.406,0.438,36800
1991-02-14,PDQ-199207,0.438,0.469,0.406,0.438,71200
1991-02-15,PDQ-199207,0.438,0.5,0.406,0.469,115600
1991-02-19,PDQ-199207,0.469,0.469,0.438,0.438,53500
1991-02-20,PDQ-199207,0.469,0.5,0.469,0.469,67800
1991-02-21,PDQ-199207,0.469,0.5,0.469,0.5,75700
1991-02-22,PDQ-199207,0.5,0.625,0.5,0.625,247800
1991-02-25,PDQ-199207,0.625,1.125,0.625,1,674800
1991-02-26,PDQ-199207,1,1.5,1,1.375,1538700
1991-02-27,PDQ-199207,1.5,2,1.5,1.75,1196500
1991-02-28,PDQ-199207,1.75,1.75,1.375,1.375,762100
1991-03-01,PDQ-199207,1.375,1.5,1.125,1.25,567700
1991-03-04,PDQ-199207,1.25,1.625,1.25,1.5,324300
1991-03-05,PDQ-199207,1.5,1.625,1.375,1.375,192100
1991-03-06,PDQ-199207,1.375,1.5,1.25,1.375,176900
1991-03-07,PDQ-199207,1.375,1.375,1.25,1.375,268700
1991-03-08,PDQ-199207,1.375,1.375,1.25,1.25,105400
1991-03-11,PDQ-199207,1.25,1.25,1.125,1.25,246600
1991-03-12,PDQ-199207,1.25,1.25,1,1.125,196000
1991-03-13,PDQ-199207,1.125,1.125,0.938,1.125,247900
1991-03-14,PDQ-199207,1.125,1.375,1,1.25,217300
1991-03-15,PDQ-199207,1.25,1.375,1.125,1.25,138600
1991-03-18,PDQ-199207,1.25,1.375,1.25,1.375,121000
1991-03-19,PDQ-199207,1.375,1.375,1.25,1.375,81600
1991-03-20,PDQ-199207,1.375,1.375,1.25,1.375,54700
1991-03-21,PDQ-199207,1.375,1.5,1.25,1.5,103900
1991-03-22,PDQ-199207,1.5,1.625,1.375,1.625,216700
1991-03-25,PDQ-199207,1.625,1.75,1.625,1.75,189100
1991-03-26,PDQ-199207,1.75,2,1.75,1.875,371300
1991-03-27,PDQ-199207,1.75,1.75,1.25,1.5,462100
1991-03-28,PDQ-199207,1.5,1.5,1.375,1.375,189400
1991-04-01,PDQ-199207,1.375,1.625,1.375,1.625,117800
1991-04-02,PDQ-199207,1.625,1.75,1.5,1.75,112200
1991-04-03,PDQ-199207,1.75,1.75,1.375,1.625,93900
1991-04-04,PDQ-199207,1.625,1.625,1.375,1.375,89400
1991-04-05,PDQ-199207,1.375,1.625,1.375,1.375,61900
1991-04-08,PDQ-199207,1.5,1.625,1.5,1.625,129900
1991-04-09,PDQ-199207,1.625,1.625,1.5,1.625,47500
1991-04-10,PDQ-199207,1.625,1.625,1.5,1.5,67000
1991-04-11,PDQ-199207,1.5,1.625,1.375,1.5,75400
1991-04-12,PDQ-199207,1.5,1.5,1.375,1.5,43200
1991-04-15,PDQ-199207,1.5,1.625,1.375,1.5,50500
1991-04-16,PDQ-199207,1.5,1.625,1.375,1.5,47000
1991-04-17,PDQ-199207,1.5,1.625,1.375,1.375,61800
1991-04-18,PDQ-199207,1.375,1.5,1.375,1.375,43900
1991-04-19,PDQ-199207,1.375,1.5,1.375,1.375,34200
1991-04-22,PDQ-199207,1.375,1.5,1.375,1.5,109500
1991-04-23,PDQ-199207,1.5,1.5,1.375,1.5,62000
1991-04-24,PDQ-199207,1.5,1.5,1.375,1.5,110400
1991-04-25,PDQ-199207,1.5,1.5,1.375,1.375,36600
1991-04-26,PDQ-199207,1.375,1.375,1.25,1.25,99100
1991-04-29,PDQ-199207,1.25,1.375,1.25,1.25,88000
1991-04-30,PDQ-199207,1.25,1.375,1.25,1.25,85500
1991-05-01,PDQ-199207,1.25,1.25,0.875,1.125,418200
1991-05-02,PDQ-199207,1.125,1.125,1,1,92400
1991-05-03,PDQ-199207,1,1.25,1,1.125,124600
1991-05-06,PDQ-199207,1.125,1.25,1.125,1.25,55300
1991-05-07,PDQ-199207,1.25,1.25,1.125,1.125,75900
1991-05-08,PDQ-199207,1.125,1.25,1.125,1.25,61500
1991-05-09,PDQ-199207,1.25,1.25,1.125,1.25,22400
1991-05-10,PDQ-199207,1.25,1.25,1.125,1.25,26100
1991-05-13,PDQ-199207,1.25,1.25,1.125,1.125,27200
1991-05-14,PDQ-199207,1.125,1.25,1,1.125,39900
1991-05-15,PDQ-199207,1.125,1.125,0.875,1,632100
1991-05-16,PDQ-199207,1,1,0.938,1,58100
1991-05-17,PDQ-199207,1,1,0.938,1,35900
1991-05-20,PDQ-199207,1,1,0.938,0.938,59400
1991-05-21,PDQ-199207,0.938,0.938,0.875,0.938,50600
1991-05-22,PDQ-199207,0.938,1,0.875,0.875,38600
1991-05-23,PDQ-199207,0.875,0.938,0.875,0.875,39500
1991-05-24,PDQ-199207,0.875,0.938,0.875,0.938,28700
1991-05-28,PDQ-199207,0.938,0.938,0.875,0.875,32800
1991-05-29,PDQ-199207,0.875,0.875,0.75,0.813,133800
1991-05-30,PDQ-199207,0.813,0.875,0.75,0.75,70200
1991-05-31,PDQ-199207,0.75,0.875,0.75,0.875,52400
1991-06-03,PDQ-199207,0.875,1,0.875,1,96500
1991-06-04,PDQ-199207,1,1,0.875,0.875,82100
1991-06-05,PDQ-199207,0.875,1,0.875,1,26200
1991-06-06,PDQ-199207,0.938,0.938,0.875,0.875,42900
1991-06-07,PDQ-199207,0.875,1,0.875,0.875,44600
1991-06-10,PDQ-199207,0.875,1,0.875,0.938,17000
1991-06-11,PDQ-199207,0.938,1,0.938,1,44500
1991-06-12,PDQ-199207,1,1,0.938,1,13700
1991-06-13,PDQ-199207,1,1,0.875,0.875,7700
1991-06-14,PDQ-199207,0.875,1,0.875,0.875,21400
1991-06-17,PDQ-199207,0.875,0.938,0.875,0.875,97900
1991-06-18,PDQ-199207,0.875,0.938,0.875,0.875,31900
1991-06-19,PDQ-199207,0.875,0.938,0.813,0.938,59400
1991-06-20,PDQ-199207,0.938,0.938,0.875,0.875,66200
1991-06-21,PDQ-199207,0.875,0.875,0.813,0.813,37300
1991-06-24,PDQ-199207,0.813,0.875,0.813,0.875,24700
1991-06-25,PDQ-199207,0.875,0.875,0.813,0.813,21400
1991-06-26,PDQ-199207,0.813,0.875,0.813,0.813,14400
1991-06-27,PDQ-199207,0.813,0.875,0.75,0.75,36300
1991-06-28,PDQ-199207,0.75,0.813,0.75,0.75,21200
1991-07-01,PDQ-199207,0.75,0.813,0.75,0.75,20800
1991-07-02,PDQ-199207,0.75,0.813,0.75,0.75,36900
1991-07-03,PDQ-199207,0.75,0.875,0.75,0.875,51200
1991-07-05,PDQ-199207,0.875,0.875,0.875,0.875,9600
1991-07-08,PDQ-199207,0.875,0.875,0.813,0.813,36600
1991-07-09,PDQ-199207,0.813,0.875,0.75,0.75,29500
1991-07-10,PDQ-199207,0.75,0.813,0.75,0.75,9900
1991-07-11,PDQ-199207,0.75,0.875,0.75,0.875,44800
1991-07-12,PDQ-199207,0.875,0.875,0.813,0.875,8500
1991-07-15,PDQ-199207,0.875,0.875,0.75,0.813,37800
1991-07-16,PDQ-199207,0.813,0.813,0.75,0.75,74400
1991-07-17,PDQ-199207,0.75,0.813,0.75,0.75,24100
1991-07-18,PDQ-199207,0.75,0.875,0.75,0.75,37500
1991-07-19,PDQ-199207,0.75,0.875,0.75,0.875,27200
1991-07-22,PDQ-199207,0.875,0.875,0.813,0.813,39300
1991-07-23,PDQ-199207,0.813,0.875,0.813,0.813,9700
1991-07-24,PDQ-199207,0.813,0.875,0.75,0.875,24400
1991-07-25,PDQ-199207,0.875,0.875,0.75,0.875,17300
1991-07-26,PDQ-199207,0.813,0.813,0.688,0.75,190300
1991-07-29,PDQ-199207,0.688,0.688,0.625,0.688,59500
1991-07-30,PDQ-199207,0.688,0.75,0.625,0.688,11200
1991-07-31,PDQ-199207,0.688,0.75,0.688,0.688,26600
1991-08-01,PDQ-199207,0.688,0.75,0.688,0.688,31800
1991-08-02,PDQ-199207,0.688,0.75,0.688,0.688,36100
1991-08-05,PDQ-199207,0.688,0.75,0.688,0.688,29400
1991-08-06,PDQ-199207,0.688,0.75,0.688,0.688,25900
1991-08-07,PDQ-199207,0.688,0.75,0.625,0.625,14500
1991-08-08,PDQ-199207,0.625,0.75,0.625,0.625,101500
1991-08-09,PDQ-199207,0.625,0.688,0.625,0.688,57900
1991-08-12,PDQ-199207,0.688,0.688,0.625,0.688,16700
1991-08-13,PDQ-199207,0.688,0.688,0.625,0.625,8300
1991-08-14,PDQ-199207,0.625,0.688,0.625,0.625,46700
1991-08-15,PDQ-199207,0.625,0.688,0.625,0.688,31400
1991-08-16,PDQ-199207,0.688,0.688,0.625,0.688,26000
1991-08-19,PDQ-199207,0.688,0.688,0.563,0.563,58900
1991-08-20,PDQ-199207,0.563,0.688,0.563,0.625,111000
1991-08-21,PDQ-199207,0.625,0.688,0.563,0.625,42100
1991-08-22,PDQ-199207,0.625,0.688,0.625,0.625,12200
1991-08-23,PDQ-199207,0.625,0.688,0.625,0.625,27400
1991-08-26,PDQ-199207,0.625,0.688,0.625,0.688,29100
1991-08-27,PDQ-199207,0.688,0.688,0.625,0.688,23200
1991-08-28,PDQ-199207,0.688,0.688,0.625,0.625,30300
1991-08-29,PDQ-199207,0.688,0.75,0.688,0.688,39000
1991-08-30,PDQ-199207,0.688,0.75,0.688,0.688,35700
1991-09-03,PDQ-199207,0.688,0.688,0.625,0.688,18300
1991-09-04,PDQ-199207,0.625,0.625,0.563,0.563,34600
1991-09-05,PDQ-199207,0.563,0.625,0.563,0.563,21100
1991-09-06,PDQ-199207,0.563,0.688,0.563,0.688,64200
1991-09-09,PDQ-199207,0.688,0.688,0.625,0.688,19500
1991-09-10,PDQ-199207,0.625,0.625,0.563,0.563,13500
1991-09-11,PDQ-199207,0.563,0.625,0.563,0.625,20800
1991-09-12,PDQ-199207,0.625,0.625,0.563,0.563,27100
1991-09-13,PDQ-199207,0.563,0.625,0.563,0.563,22200
1991-09-16,PDQ-199207,0.563,0.625,0.563,0.563,24900
1991-09-17,PDQ-199207,0.563,0.625,0.563,0.563,9200
1991-09-18,PDQ-199207,0.563,0.625,0.563,0.625,30300
1991-09-19,PDQ-199207,0.625,0.625,0.563,0.563,11000
1991-09-20,PDQ-199207,0.563,0.625,0.563,0.563,24900
1991-09-23,PDQ-199207,0.563,0.563,0.5,0.5,16100
1991-09-24,PDQ-199207,0.5,0.75,0.5,0.625,250600
1991-09-25,PDQ-199207,0.625,0.688,0.5,0.5,304700
1991-09-26,PDQ-199207,0.5,0.563,0.5,0.5,149200
1991-09-27,PDQ-199207,0.5,0.5,0.188,0.313,389800
1991-09-30,PDQ-199207,0.313,0.438,0.281,0.406,218900
1991-10-01,PDQ-199207,0.406,0.406,0.375,0.406,45300
1991-10-02,PDQ-199207,0.406,0.406,0.375,0.406,85000
1991-10-03,PDQ-199207,0.406,0.469,0.406,0.469,98600
1991-10-04,PDQ-199207,0.469,0.5,0.438,0.469,62300
1991-10-07,PDQ-199207,0.5,0.563,0.5,0.5,149000
1991-10-08,PDQ-199207,0.5,0.5,0.469,0.5,113900
1991-10-09,PDQ-199207,0.5,0.5,0.406,0.406,78600
1991-10-10,PDQ-199207,0.406,0.438,0.375,0.406,66400
1991-10-11,PDQ-199207,0.406,0.469,0.375,0.469,51600
1991-10-14,PDQ-199207,0.469,0.469,0.406,0.438,21300
1991-10-15,PDQ-199207,0.438,0.438,0.406,0.406,47300
1991-10-16,PDQ-199207,0.406,0.438,0.375,0.406,34000
1991-10-17,PDQ-199207,0.406,0.438,0.375,0.375,43500
1991-10-18,PDQ-199207,0.375,0.438,0.375,0.375,46700
1991-10-21,PDQ-199207,0.375,0.438,0.375,0.406,19700
1991-10-22,PDQ-199207,0.406,0.406,0.344,0.344,53600
1991-10-23,PDQ-199207,0.344,0.375,0.25,0.313,805700
1991-10-24,PDQ-199207,0.313,0.344,0.281,0.313,31500
1991-10-25,PDQ-199207,0.313,0.344,0.281,0.344,30300
1991-10-28,PDQ-199207,0.344,0.344,0.313,0.344,35000
1991-10-29,PDQ-199207,0.344,0.344,0.281,0.313,43200
1991-10-30,PDQ-199207,0.313,0.313,0.281,0.281,40200
1991-10-31,PDQ-199207,0.281,0.344,0.281,0.313,102700
1991-11-01,PDQ-199207,0.313,0.344,0.281,0.313,24500
1991-11-04,PDQ-199207,0.313,0.313,0.281,0.313,13200
1991-11-05,PDQ-199207,0.313,0.313,0.25,0.281,63100
1991-11-06,PDQ-199207,0.281,0.313,0.25,0.313,62600
1991-11-07,PDQ-199207,0.313,0.313,0.281,0.313,31500
1991-11-08,PDQ-199207,0.313,0.344,0.281,0.313,13600
1991-11-11,PDQ-199207,0.313,0.313,0.281,0.281,20100
1991-11-12,PDQ-199207,0.281,0.281,0.25,0.25,33800
1991-11-13,PDQ-199207,0.25,0.313,0.25,0.281,83300
1991-11-14,PDQ-199207,0.281,0.344,0.25,0.281,76600
1991-11-15,PDQ-199207,0.281,0.313,0.25,0.281,80700
1991-11-18,PDQ-199207,0.281,0.313,0.25,0.281,64500
1991-11-19,PDQ-199207,0.281,0.281,0.25,0.25,37300
1991-11-20,PDQ-199207,0.25,0.313,0.25,0.313,35900
1991-11-21,PDQ-199207,0.313,0.375,0.281,0.344,154900
1991-11-22,PDQ-199207,0.344,0.344,0.313,0.313,40000
1991-11-25,PDQ-199207,0.313,0.313,0.281,0.313,54300
1991-11-26,PDQ-199207,0.313,0.344,0.281,0.281,50800
1991-11-27,PDQ-199207,0.281,0.313,0.281,0.313,64500
1991-11-29,PDQ-199207,0.313,0.313,0.281,0.313,20400
1991-12-02,PDQ-199207,0.313,0.313,0.25,0.25,36600
1991-12-03,PDQ-199207,0.25,0.281,0.25,0.25,62900
1991-12-04,PDQ-199207,0.25,0.281,0.25,0.281,42700
1991-12-05,PDQ-199207,0.281,0.313,0.25,0.25,88400
1991-12-06,PDQ-199207,0.25,0.281,0.25,0.281,63100
1991-12-09,PDQ-199207,0.281,0.281,0.25,0.25,59100
1991-12-10,PDQ-199207,0.25,0.281,0.25,0.25,112300
1991-12-11,PDQ-199207,0.25,0.281,0.219,0.219,178800
1991-12-12,PDQ-199207,0.219,0.281,0.219,0.25,309800
1991-12-13,PDQ-199207,0.25,0.281,0.25,0.25,40400
1991-12-16,PDQ-199207,0.25,0.281,0.25,0.281,50900
1991-12-17,PDQ-199207,0.281,0.313,0.25,0.25,33700
1991-12-18,PDQ-199207,0.25,0.281,0.25,0.25,42300
1991-12-19,PDQ-199207,0.25,0.281,0.25,0.25,90700
1991-12-20,PDQ-199207,0.25,0.281,0.219,0.234,92200
1991-12-23,PDQ-199207,0.234,0.25,0.203,0.234,93000
1991-12-24,PDQ-199207,0.234,0.234,0.188,0.203,74400
1991-12-26,PDQ-199207,0.203,0.234,0.188,0.219,60400
1991-12-27,PDQ-199207,0.219,0.25,0.188,0.219,154700
1991-12-30,PDQ-199207,0.219,0.313,0.219,0.313,258200
1991-12-31,PDQ-199207,0.313,0.313,0.25,0.313,267400
1992-01-02,PDQ-199207,0.313,0.375,0.281,0.375,71400
1992-01-03,PDQ-199207,0.375,0.469,0.344,0.438,53900
1992-01-06,PDQ-199207,0.438,0.5,0.438,0.438,154000
1992-01-07,PDQ-199207,0.438,0.469,0.375,0.469,55200
1992-01-08,PDQ-199207,0.469,0.469,0.406,0.406,25700
1992-01-09,PDQ-199207,0.406,0.438,0.406,0.438,38000
1992-01-10,PDQ-199207,0.438,0.438,0.375,0.375,98800
1992-01-13,PDQ-199207,0.406,0.438,0.406,0.438,13400
1992-01-14,PDQ-199207,0.438,0.469,0.406,0.406,65800
1992-01-15,PDQ-199207,0.406,0.438,0.406,0.406,28600
1992-01-16,PDQ-199207,0.406,0.438,0.406,0.438,19900
1992-01-17,PDQ-199207,0.438,0.438,0.406,0.438,52800
1992-01-20,PDQ-199207,0.438,0.438,0.406,0.438,89500
1992-01-21,PDQ-199207,0.438,0.438,0.406,0.438,68600
1992-01-22,PDQ-199207,0.406,0.406,0.375,0.406,17100
1992-01-23,PDQ-199207,0.406,0.406,0.375,0.375,29200
1992-01-24,PDQ-199207,0.375,0.406,0.375,0.375,128900
1992-01-27,PDQ-199207,0.375,0.406,0.344,0.344,42900
1992-01-28,PDQ-199207,0.344,0.438,0.344,0.406,111400
1992-01-29,PDQ-199207,0.406,0.438,0.219,0.375,65500
1992-01-30,PDQ-199207,0.375,0.406,0.375,0.406,13300
1992-01-31,PDQ-199207,0.406,0.406,0.375,0.375,46700
1992-02-03,PDQ-199207,0.406,0.438,0.406,0.438,90600
1992-02-04,PDQ-199207,0.438,0.438,0.406,0.438,53200
1992-02-05,PDQ-199207,0.438,0.438,0.375,0.406,52600
1992-02-06,PDQ-199207,0.406,0.438,0.406,0.406,33100
1992-02-07,PDQ-199207,0.406,0.438,0.406,0.438,43700
1992-02-10,PDQ-199207,0.438,0.469,0.406,0.469,168300
1992-02-11,PDQ-199207,0.469,0.469,0.406,0.469,73300
1992-02-12,PDQ-199207,0.469,0.5,0.438,0.438,19200
1992-02-13,PDQ-199207,0.438,0.469,0.406,0.469,32100
1992-02-14,PDQ-199207,0.469,0.469,0.438,0.469,40100
1992-02-18,PDQ-199207,0.469,0.469,0.281,0.438,166400
1992-02-19,PDQ-199207,0.438,0.469,0.344,0.406,78400
1992-02-20,PDQ-199207,0.406,0.469,0.406,0.438,58700
1992-02-21,PDQ-199207,0.438,0.5,0.406,0.406,80500
1992-02-24,PDQ-199207,0.344,0.344,0.25,0.281,456200
1992-02-25,PDQ-199207,0.281,0.344,0.281,0.344,52100
1992-02-26,PDQ-199207,0.344,0.375,0.313,0.375,43600
1992-02-27,PDQ-199207,0.375,0.375,0.344,0.344,27400
1992-02-28,PDQ-199207,0.344,0.375,0.344,0.344,48500
1992-03-02,PDQ-199207,0.344,0.375,0.313,0.313,64800
1992-03-03,PDQ-199207,0.313,0.375,0.313,0.375,60000
1992-03-04,PDQ-199207,0.375,0.375,0.313,0.375,41100
1992-03-05,PDQ-199207,0.375,0.406,0.375,0.375,132300
1992-03-06,PDQ-199207,0.375,0.406,0.344,0.375,15900
1992-03-09,PDQ-199207,0.344,0.344,0.313,0.344,56500
1992-03-10,PDQ-199207,0.313,0.313,0.281,0.313,73000
1992-03-11,PDQ-199207,0.313,0.375,0.313,0.344,95100
1992-03-12,PDQ-199207,0.344,0.375,0.313,0.344,105300
1992-03-13,PDQ-199207,0.344,0.406,0.344,0.375,153900
1992-03-16,PDQ-199207,0.375,0.406,0.344,0.406,102100
1992-03-17,PDQ-199207,0.406,0.406,0.313,0.313,21900
1992-03-18,PDQ-199207,0.313,0.375,0.313,0.344,65200
1992-03-19,PDQ-199207,0.344,0.375,0.313,0.313,49100
1992-03-20,PDQ-199207,0.313,0.344,0.313,0.313,29600
1992-03-23,PDQ-199207,0.313,0.344,0.313,0.344,33500
1992-03-24,PDQ-199207,0.313,0.313,0.281,0.313,133400
1992-03-25,PDQ-199207,0.313,0.344,0.281,0.344,22700
1992-03-26,PDQ-199207,0.344,0.344,0.313,0.344,42100
1992-03-27,PDQ-199207,0.344,0.344,0.281,0.313,7700
1992-03-30,PDQ-199207,0.313,0.344,0.313,0.344,64300
1992-03-31,PDQ-199207,0.344,0.375,0.313,0.344,106900
1992-04-01,PDQ-199207,0.375,0.375,0.375,0.375,48600
1992-04-02,PDQ-199207,0.375,0.406,0.344,0.375,115900
1992-04-03,PDQ-199207,0.375,0.406,0.313,0.344,78600
1992-04-06,PDQ-199207,0.344,0.375,0.313,0.344,36200
1992-04-07,PDQ-199207,0.344,0.375,0.313,0.344,59300
1992-04-08,PDQ-199207,0.344,0.344,0.313,0.344,70100
1992-04-09,PDQ-199207,0.344,0.375,0.313,0.313,13200
1992-04-10,PDQ-199207,0.313,0.375,0.313,0.344,39300
1992-04-13,PDQ-199207,0.344,0.344,0.313,0.344,30700
1992-04-14,PDQ-199207,0.344,0.344,0.313,0.344,53700
1992-04-15,PDQ-199207,0.344,0.344,0.313,0.344,22600
1992-04-16,PDQ-199207,0.344,0.344,0.281,0.313,14900
1992-04-20,PDQ-199207,0.313,0.313,0.281,0.313,18400
1992-04-21,PDQ-199207,0.313,0.313,0.25,0.281,22100
1992-04-22,PDQ-199207,0.281,0.313,0.281,0.313,40100
1992-04-23,PDQ-199207,0.313,0.313,0.25,0.313,33300
1992-04-24,PDQ-199207,0.313,0.313,0.25,0.25,17700
1992-04-27,PDQ-199207,0.25,0.313,0.25,0.313,5000
1992-04-28,PDQ-199207,0.313,0.313,0.25,0.281,19700
1992-04-29,PDQ-199207,0.281,0.281,0.25,0.281,12600
1992-04-30,PDQ-199207,0.281,0.281,0.25,0.281,39000
1992-05-01,PDQ-199207,0.281,0.313,0.25,0.313,16600
1992-05-04,PDQ-199207,0.313,0.313,0.25,0.313,42300
1992-05-05,PDQ-199207,0.313,0.313,0.25,0.313,34300
1992-05-06,PDQ-199207,0.313,0.344,0.281,0.344,26500
1992-05-07,PDQ-199207,0.313,0.313,0.281,0.313,26800
1992-05-08,PDQ-199207,0.313,0.344,0.281,0.344,13000
1992-05-11,PDQ-199207,0.281,0.281,0.281,0.281,29600
1992-05-12,PDQ-199207,0.281,0.313,0.281,0.281,4400
1992-05-13,PDQ-199207,0.281,0.313,0.281,0.313,7000
1992-05-14,PDQ-199207,0.313,0.313,0.281,0.281,19400
1992-05-15,PDQ-199207,0.281,0.313,0.281,0.313,31000
1992-05-18,PDQ-199207,0.313,0.313,0.281,0.313,26500
1992-05-19,PDQ-199207,0.313,0.313,0.281,0.281,13300
1992-05-20,PDQ-199207,0.281,0.313,0.281,0.281,17600
1992-05-21,PDQ-199207,0.281,0.313,0.25,0.281,63700
1992-05-22,PDQ-199207,0.281,0.281,0.25,0.281,55700
1992-05-26,PDQ-199207,0.281,0.313,0.281,0.281,15900
1992-05-27,PDQ-199207,0.281,0.313,0.281,0.281,12000
1992-05-28,PDQ-199207,0.281,0.313,0.25,0.25,47200
1992-05-29,PDQ-199207,0.25,0.281,0.25,0.25,1700
1992-06-01,PDQ-199207,0.25,0.25,0.25,0.25,16400
1992-06-02,PDQ-199207,0.25,0.313,0.25,0.281,21000
1992-06-03,PDQ-199207,0.281,0.313,0.281,0.313,20400
1992-06-04,PDQ-199207,0.313,0.313,0.281,0.281,5200
1992-06-05,PDQ-199207,0.281,0.375,0.25,0.375,254300
1992-06-08,PDQ-199207,0.375,0.406,0.344,0.375,209200
1992-06-09,PDQ-199207,0.375,0.375,0.313,0.344,33200
1992-06-10,PDQ-199207,0.344,0.375,0.313,0.344,28600
1992-06-11,PDQ-199207,0.344,0.375,0.313,0.344,21900
1992-06-12,PDQ-199207,0.344,0.375,0.313,0.313,36200
1992-06-15,PDQ-199207,0.313,0.344,0.313,0.313,16600
1992-06-16,PDQ-199207,0.344,0.344,0.344,0.344,2100
1992-06-17,PDQ-199207,0.313,0.313,0.281,0.313,25200
1992-06-18,PDQ-199207,0.313,0.313,0.281,0.313,6600
1992-06-19,PDQ-199207,0.313,0.313,0.313,0.313,5400
1992-06-22,PDQ-199207,0.313,0.313,0.281,0.313,12300
1992-06-23,PDQ-199207,0.313,0.313,0.281,0.281,21300
1992-06-24,PDQ-199207,0.281,0.313,0.281,0.281,17500
1992-06-25,PDQ-199207,0.281,0.313,0.281,0.313,2900
1992-06-26,PDQ-199207,0.313,0.344,0.281,0.344,17400
1992-06-29,PDQ-199207,0.344,0.344,0.313,0.313,11300
1992-06-30,PDQ-199207,0.313,0.313,0.281,0.313,5100
1992-07-01,PDQ-199207,0.344,0.344,0.313,0.313,17000
1992-07-02,PDQ-199207,0.313,0.344,0.281,0.344,10000
1992-07-06,PDQ-199207,0.344,0.344,0.281,0.344,7500
1992-07-07,PDQ-199207,0.313,0.313,0.281,0.313,6100
1992-07-08,PDQ-199207,0.313,0.313,0.281,0.313,8900
1992-07-09,PDQ-199207,0.313,0.313,0.281,0.281,38700
1992-07-10,PDQ-199207,0.281,0.313,0.281,0.281,36600
1992-07-13,PDQ-199207,0.281,0.313,0.281,0.313,6100
1992-07-14,PDQ-199207,0.313,0.344,0.281,0.344,25000
1992-07-15,PDQ-199207,0.344,0.344,0.313,0.313,34500
1992-07-16,PDQ-199207,0.313,0.344,0.281,0.313,32100
1992-07-17,PDQ-199207,0.313,0.344,0.313,0.313,11200
1992-07-20,PDQ-199207,0.313,0.344,0.313,0.313,8100
1992-07-21,PDQ-199207,0.313,0.344,0.313,0.313,20300
1992-07-22,PDQ-199207,0.313,0.313,0.281,0.313,44600
1992-07-23,PDQ-199207,0.313,0.313,0.281,0.281,14400
1992-07-24,PDQ-199207,0.25,0.25,0.25,0.25,112700
1992-07-27,PDQ-199207,0.25,0.281,0.25,0.25,44900
1992-07-28,PDQ-199207,0.25,0.375,0.219,0.25,12300
1992-07-29,PDQ-199207,0.25,0.313,0.156,0.25,11600
1992-07-30,PDQ-199207,0.25,0.313,0.25,0.25,12500
1992-07-31,PDQ-199207,0.25,0.313,0.25,0.25,9200
