effective_date,previous_session,member_count,added_count,deleted_count,added_source_symbols,deleted_source_symbols,added_display_tickers,deleted_display_tickers
1990-01-02,,500,500,0,AAL-199702;AAMRQ-201312;AAPL;AAV-199901;ABI-200811;ABS-200606;ABT;ACKH-200712;ACV-201105;ACY-199411;ADM;ADP;ADSK;AEP;AET-201811;AGC-200108;AHM-199810;AIG;AIT-199910;AL-200711;AM-201308;AMD;AMH-199709;AMP-199904;AMT-199607;AMX-199311;AN-199812;ANDW-200712;ANV-199904;APD;AR-199911;ARC-200004;AS-199909;ASC-199906;ASH;ATI;AVP-202001;AVY;AXP;BA;BAC;BAC-199809;BALL;BAX;BBI-199801;BBWI;BC;BCO;BCR-201712;BDK-201003;BDX;BEAM-201404;BEV-200603;BF.B;BFI-199907;BFO-200010;BGGSQ-202101;BHMSQ-200401;BKB-199909;BKR;BLS-200612;BLY-199612;BMS-201906;BMY;BN-199503;BNI-201002;BNL-199806;BNSSA-201206;BOL-200710;BSET;BT-199906;BUD-200811;BWY-199510;C;C-199811;CA-201811;CAG;CAL;CAT;CB-201601;CBB-199801;CBE-201211;CBL-199010;CBS-199511;CBS-200005;CCB-199602;CCI-199810;CCK;CCTYQ-201109;CEG-201203;CEN-200711;CG-200011;CGP-200101;CHA-200006;CHRS-201206;CI;CIC-199505;CKL-199505;CL;CLX;CMB-199603;CMCSA;CMI;CNA;CNG-200001;CNP;CNW-201510;COP;CPB;CPPRQ-202102;CPQ-200205;CRR-199706;CSR-200006;CSX;CTCO-199110;CTX-200908;CUE-199309;CVGQE-200412;CVS;CVX;CXT;CYM-199912;CYR-199606;D;DALRQ-200704;DCNAQ-200801;DD-201708;DDS;DE;DEC-199806;DGN-199910;DI-199809;DIGI-199809;DIS;DJ-200712;DLX;DOV;DOW-201708;DTE;DUK;DXC;DYHGQ-200012;EC-200606;ECH-199807;ECL;ED;EFU-200011;EIX;EKDKQ-201309;EMR;ENRNQ-200411;ENS-199708;ESY-199505;ETN;ETR;EXC;F;FBF-200403;FBO-199603;FCN-199810;FDX;FE;FFB-199512;FG-199804;FJ-200011;FJCC-200809;FL-202509;FLMIQ-200408;FLTWQ-200907;FMC;FNB-199511;FNMA;FRM-199612;FWLT-201412;G-200509;GAP;GAPTQ-201203;GAS-201112;GCO;GD;GDW-200609;GE;GEB-199408;GFS.A-199810;GIS;GL;GLW;GNE-199906;GNN-199006;GOSHA-200507;GP-200512;GPC;GQ-199404;GR-201207;GRA-202109;GRL-199008;GRN-199812;GSX-199810;GT;GTE-200006;GWF-199707;GWOW-201009;GWW;H-200107;HAL;HAS;HBJ-199111;HD;HDLM-201301;HES-202507;HI-200303;HIA-199002;HLT-200710;HM-200112;HNZ-201306;HON;HON-199912;HP;HPC-200811;HPQ;HRB;HRZIQ-200107;HSH-201408;HST;HSY;HTMXQ-201305;HUM;HWM;I-199603;IBM;IFF;IK-199902;IKN-200810;INCLF-200701;INGR-200611;INTC;IP;ISS-199206;ITT;ITW;JCI;JCI-201609;JH-200705;JNJ;JOS-200005;JP-200603;JPM;JPM-200012;JWN-202505;K-202512;KATE-201707;KBH;KM-200212;KMB;KMG-200608;KO;KR;KRI-200606;KWP-199911;LCE-199404;LDG-200810;LHX;LINB-199510;LIT-200105;LLX-199710;LLY;LMT;LNC;LOR-199604;LOTS-199507;LOW;LPX;LUB-202205;MAI-199506;MAS;MAT;MAY-200508;MCA-199101;MCD;MCIC-199809;MCK-199411;MCO;MD-199707;MDP-202112;MDRIQ-202006;MDT;MEA-200201;MEE-201106;MEL-200706;MER-200812;MHC-199112;MII-199906;MIL-201007;MKG-200010;ML-199503;MMM;MNR-199809;MO;MOB-199911;MRK;MRO-202411;MRSH;MSI;MST-199808;MTLQQ-201103;MWI-200402;MWV-201507;MXS-199506;MYG-200603;MZIAQ-201302;NAE-199708;NAV-202106;NC;NCR-199109;NEC-199706;NEE;NEM;NEU;NKE;NL;NMK-200201;NOC;NRT-199008;NRTLQ-201510;NSC;NSI-200306;NSM-201109;NUE;NWL;NYN-199708;NYT;OAT-200108;OKE;OM-199709;OMX-201311;ONE-200406;ORCL;ORX-199902;OWENQ-200610;OXY;PAC-199703;PAS-201002;PBI;PCAR;PCG;PCH-202601;PCI-199407;PCLB-199310;PD-200703;PDG-200603;PDQ-199207;PEG;PEL-199706;PEP;PET-199806;PFE;PG;PGL-200702;PGN-201207;PH;PHA-200304;PHL-199008;PHM;PIN-199410;PLL-201508;PMI-199911;PN-199109;PNC;PNU-200003;PPG;PPW-199911;PRD-200110;PRSU;PVN-200509;PZE-199908;R;RADCQ-202409;RAL-200112;RBD-199903;RBK-200601;RDC-201904;RLM-200005;RML-200608;ROH-200904;ROK;RRD-202202;RSHCQ-201510;RTN-202004;RTX;RVTY;RYAN-200610;RYC-199908;RYI-200710;S-200503;S-202003;SAF-200809;SB-199711;SCI;SFA-200602;SFX-199509;SGP-200911;SHEL;SHOY-200204;SHW;SK-199805;SK-200006;SKY;SLB;SMI-200109;SMS-200007;SNA;SNC-199511;SNT-199910;SO;SOV-199008;SPC-199204;SPGI;SPP-199512;SPXC;SQD-199105;SRR-200708;STI-201912;STJ-201701;STO-199811;SUN-201210;SVU-201810;SWK;SYN-199410;SYY;T;T-200511;TA-199907;TAP;TCOMA-199903;TDM-199708;TEK-200711;TEN-202211;TGNA-202603;TGT;THC;THY-199708;TIC-199312;TIN-201202;TJX;TKA-199108;TKR;TMC-200006;TNB-201205;TOY-200507;TRB-200712;TRV;TRW-200212;TT;TWX-200101;TX-200110;TXN;TXT;TXU-200710;UALAQ-200602;UAWGQ-200303;UCC-199904;UCL-200508;UCM-200010;UH-200005;UIS;UK-200102;UN-202011;UNP;USG-201904;USH-199706;UST-200901;USW-200006;VAT-199609;VFC;VO-200012;VZ;WAN.B-199309;WB-200812;WBA-202508;WEN-200809;WETT-199210;WFC;WFC-199811;WHR;WLA-200006;WLBAQ-202004;WMB;WMT;WMX-199807;WNDXQ-200611;WOR;WWY-200810;WY;WYE-200910;XEL;XOM;XRX;YELLQ-202607;ZE-199805;ZRN-199806,,AAL;AAMRQ;AAPL;AAV;ABI;ABS;ABT;ACKH;ACV;ACY;ADM;ADP;ADSK;AEP;AET;AGC;AHM;AIG;AIT;AL;AM;AMD;AMH;AMP;AMT;AMX;AN;ANDW;ANV;APD;AR;ARC;AS;ASC;ASH;ATI;AVP;AVY;AXP;BA;BAC;BAC;BALL;BAX;BBI;BBWI;BC;BCO;BCR;BDK;BDX;BEAM;BEV;BF.B;BFI;BFO;BGGSQ;BHMSQ;BKB;BKR;BLS;BLY;BMS;BMY;BN;BNI;BNL;BNSSA;BOL;BSET;BT;BUD;BWY;C;C;CA;CAG;CAL;CAT;CB;CBB;CBE;CBL;CBS;CBS;CCB;CCI;CCK;CCTYQ;CEG;CEN;CG;CGP;CHA;CHRS;CI;CIC;CKL;CL;CLX;CMB;CMCSA;CMI;CNA;CNG;CNP;CNW;COP;CPB;CPPRQ;CPQ;CRR;CSR;CSX;CTCO;CTX;CUE;CVGQE;CVS;CVX;CXT;CYM;CYR;D;DALRQ;DCNAQ;DD;DDS;DE;DEC;DGN;DI;DIGI;DIS;DJ;DLX;DOV;DOW;DTE;DUK;DXC;DYHGQ;EC;ECH;ECL;ED;EFU;EIX;EKDKQ;EMR;ENRNQ;ENS;ESY;ETN;ETR;EXC;F;FBF;FBO;FCN;FDX;FE;FFB;FG;FJ;FJCC;FL;FLMIQ;FLTWQ;FMC;FNB;FNMA;FRM;FWLT;G;GAP;GAPTQ;GAS;GCO;GD;GDW;GE;GEB;GFS.A;GIS;GL;GLW;GNE;GNN;GOSHA;GP;GPC;GQ;GR;GRA;GRL;GRN;GSX;GT;GTE;GWF;GWOW;GWW;H;HAL;HAS;HBJ;HD;HDLM;HES;HI;HIA;HLT;HM;HNZ;HON;HON;HP;HPC;HPQ;HRB;HRZIQ;HSH;HST;HSY;HTMXQ;HUM;HWM;I;IBM;IFF;IK;IKN;INCLF;INGR;INTC;IP;ISS;ITT;ITW;JCI;JCI;JH;JNJ;JOS;JP;JPM;JPM;JWN;K;KATE;KBH;KM;KMB;KMG;KO;KR;KRI;KWP;LCE;LDG;LHX;LINB;LIT;LLX;LLY;LMT;LNC;LOR;LOTS;LOW;LPX;LUB;MAI;MAS;MAT;MAY;MCA;MCD;MCIC;MCK;MCO;MD;MDP;MDRIQ;MDT;MEA;MEE;MEL;MER;MHC;MII;MIL;MKG;ML;MMM;MNR;MO;MOB;MRK;MRO;MRSH;MSI;MST;MTLQQ;MWI;MWV;MXS;MYG;MZIAQ;NAE;NAV;NC;NCR;NEC;NEE;NEM;NEU;NKE;NL;NMK;NOC;NRT;NRTLQ;NSC;NSI;NSM;NUE;NWL;NYN;NYT;OAT;OKE;OM;OMX;ONE;ORCL;ORX;OWENQ;OXY;PAC;PAS;PBI;PCAR;PCG;PCH;PCI;PCLB;PD;PDG;PDQ;PEG;PEL;PEP;PET;PFE;PG;PGL;PGN;PH;PHA;PHL;PHM;PIN;PLL;PMI;PN;PNC;PNU;PPG;PPW;PRD;PRSU;PVN;PZE;R;RADCQ;RAL;RBD;RBK;RDC;RLM;RML;ROH;ROK;RRD;RSHCQ;RTN;RTX;RVTY;RYAN;RYC;RYI;S;S;SAF;SB;SCI;SFA;SFX;SGP;SHEL;SHOY;SHW;SK;SK;SKY;SLB;SMI;SMS;SNA;SNC;SNT;SO;SOV;SPC;SPGI;SPP;SPXC;SQD;SRR;STI;STJ;STO;SUN;SVU;SWK;SYN;SYY;T;T;TA;TAP;TCOMA;TDM;TEK;TEN;TGNA;TGT;THC;THY;TIC;TIN;TJX;TKA;TKR;TMC;TNB;TOY;TRB;TRV;TRW;TT;TWX;TX;TXN;TXT;TXU;UALAQ;UAWGQ;UCC;UCL;UCM;UH;UIS;UK;UN;UNP;USG;USH;UST;USW;VAT;VFC;VO;VZ;WAN.B;WB;WBA;WEN;WETT;WFC;WFC;WHR;WLA;WLBAQ;WMB;WMT;WMX;WNDXQ;WOR;WWY;WY;WYE;XEL;XOM;XRX;YELLQ;ZE;ZRN,
1990-02-08,1990-02-07,500,1,1,HET-200801,HIA-199002,HET,HIA
1990-03-05,1990-03-02,500,1,1,ECO-200301,LINB-199510,ECO,LINB
1990-03-07,1990-03-06,500,1,1,NLC-199912,GNN-199006,NLC,GNN
1990-05-25,1990-05-24,500,1,1,CTB-202106,NRT-199008,CTB,NRT
1990-06-08,1990-06-07,500,1,1,MRN-199606,GNE-199906,MRN,GNE
1990-08-14,1990-08-13,500,1,1,PBY-201602,GRL-199008,PBY,GRL
1990-08-23,1990-08-22,500,1,1,BMET-200709,PHL-199008,BMET,PHL
1990-09-04,1990-08-31,500,1,1,CVN-199112,SOV-199008,CVN,SOV
1990-09-20,1990-09-19,500,1,1,JWP-199310,PDQ-199207,JWP,PDQ
1990-10-08,1990-10-05,500,1,1,USBC-199708,CBL-199010,USBC,CBL
1990-12-05,1990-12-04,500,1,1,SFS-200008,ISS-199206,SFS,ISS
1990-12-12,1990-12-11,500,1,1,AZA-200106,LCE-199404,AZA,LCE
1990-12-31,1990-12-28,500,1,1,CFL-199804,MCA-199101,CFL,MCA
1991-01-10,1991-01-09,500,1,1,BV-199409,PN-199109,BV,PN
1991-02-13,1991-02-12,500,1,1,BOAT-199701,BWY-199510,BOAT,BWY
1991-04-02,1991-04-01,500,1,1,PT-199505,DYHGQ-200012,PT,DYHGQ
1991-04-17,1991-04-16,500,1,1,E-199504,UH-200005,E,UH
1991-05-07,1991-05-06,500,1,1,X-202506,TKA-199108,X,TKA
1991-05-22,1991-05-21,500,1,1,BRNO-199508,SQD-199105,BRNO,SQD
1991-09-20,1991-09-19,500,1,1,AEE,NCR-199109,AEE,NCR
1991-11-01,1991-10-31,500,1,1,NOVL-201104,CTCO-199110,NOVL,CTCO
1991-11-25,1991-11-22,500,1,1,GLK-200507,HBJ-199111,GLK,HBJ
1992-01-02,1991-12-31,500,2,2,AMGN;FMCC,CVN-199112;MHC-199112,AMGN;FMCC,CVN;MHC
1992-02-10,1992-02-07,500,1,1,AGN-201503,USG-201904,AGN,USG
1992-04-22,1992-04-21,499,0,1,,SPC-199204,,SPC
1992-04-23,1992-04-22,500,1,0,KRB-200512,,KRB,
1992-07-06,1992-07-02,500,3,3,GIDL-199709;PX-201810;USS-199810,AMT-199607;BNSSA-201206;GWOW-201009,GIDL;PX;USS,AMT;BNSSA;GWOW
1992-08-20,1992-08-19,500,1,1,JAVA-201001,WAN.B-199309,JAVA,WAN.B
1992-10-30,1992-10-29,500,1,1,IPG-202511,WETT-199210,IPG,WETT
1993-03-08,1993-03-05,500,1,1,GHC-199308,HUM,GHC,HUM
1993-07-01,1993-06-30,500,1,1,MCAWA-199409,WLBAQ-202004,MCAWA,WLBAQ
1993-07-13,1993-07-12,500,1,1,DWD-199705,IK-199902,DWD,IK
1993-09-01,1993-08-31,500,1,1,HCA-200611,GHC-199308,HCA,GHC
1993-10-01,1993-09-30,500,1,1,WB-200108,CUE-199309,WB,CUE
1993-10-11,1993-10-08,499,0,1,,JWP-199310,,JWP
1993-10-12,1993-10-11,499,1,1,SDH-200106,HST,SDH,HST
1993-10-14,1993-10-13,500,1,0,PHB-199910,,PHB,
1993-10-22,1993-10-21,500,1,1,COST,PCLB-199310,COST,PCLB
1993-11-15,1993-11-12,500,1,1,B,AMX-199311,B,AMX
1993-11-23,1993-11-22,500,1,1,BR-200603,PCI-199407,BR,PCI
1993-12-31,1993-12-30,500,1,1,CSCO,TIC-199312,CSCO,TIC
1994-01-04,1994-01-03,500,1,1,EMN,NL,EMN,NL
1994-03-02,1994-03-01,500,1,1,KEY,CNA,KEY,CNA
1994-03-11,1994-03-10,500,1,1,UNM,NEU,UNM,NEU
1994-03-18,1994-03-17,500,1,1,WAI-199808,LIT-200105,WAI,LIT
1994-04-06,1994-04-05,500,1,1,ATI-199906,FJCC-200809,ATI,FJCC
1994-04-18,1994-04-15,500,1,1,USHC-199607,GQ-199404,USHC,GQ
1994-06-07,1994-06-06,500,1,1,MSFT,SYN-199410,MSFT,SYN
1994-07-01,1994-06-30,500,1,1,UNH,GEB-199408,UNH,GEB
1994-07-13,1994-07-12,500,1,1,LUV,UALAQ-200602,LUV,UALAQ
1994-09-20,1994-09-19,499,0,1,,MCAWA-199409,,MCAWA
1994-09-21,1994-09-20,500,1,0,SIAL-201511,,SIAL,
1994-09-27,1994-09-26,500,3,3,FDC-200709;MU;NCC-200812,AAV-199901;ACY-199411;MCK-199411,FDC;MU;NCC,AAV;ACY;MCK
1994-09-30,1994-09-29,500,1,1,PSKY,BV-199409,PSKY,BV
1994-10-03,1994-09-30,500,1,1,GLD-199705,GCO,GLD,GCO
1994-10-25,1994-10-24,500,1,1,CIN-200603,PIN-199410,CIN,PIN
1994-12-20,1994-12-19,501,1,0,AT-200711,,AT,
1994-12-21,1994-12-20,500,0,1,,BN-199503,,BN
1995-01-18,1995-01-17,500,1,1,SGID-200610,E-199504,SGID,E
1995-02-09,1995-02-08,500,1,1,GPU-200111,PT-199505,GPU,PT
1995-02-24,1995-02-23,500,1,1,BSX,NEC-199706,BSX,NEC
1995-03-16,1995-03-15,500,1,1,AMAT,ML-199503,AMAT,ML
1995-03-31,1995-03-30,500,1,1,BNY,MXS-199506,BNY,MXS
1995-04-03,1995-03-31,500,1,1,LDW-200012,SK-200006,LDW,SK
1995-05-01,1995-04-28,500,1,1,CAR,ESY-199505,CAR,ESY
1995-05-10,1995-05-09,500,1,1,L,CIC-199505,L,CIC
1995-05-22,1995-05-19,500,1,1,ETS-200603,CKL-199505,ETS,CKL
1995-05-30,1995-05-26,500,2,2,DRI;FTL-200004,GOSHA-200507;HTMXQ-201305,DRI;FTL,GOSHA;HTMXQ
1995-07-03,1995-06-30,500,1,1,TLAB-201312,MAI-199506,TLAB,MAI
1995-07-05,1995-07-03,500,1,1,RNB-199912,LOTS-199507,RNB,LOTS
1995-07-13,1995-07-12,500,1,1,ALL,SPXC,ALL,SPXC
1995-07-31,1995-07-28,500,1,1,FCX,SKY,FCX,SKY
1995-08-18,1995-08-17,500,1,1,WLL-200203,BRNO-199508,WLL,BRNO
1995-09-22,1995-09-21,500,1,1,MS,SFX-199509,MS,SFX
1995-10-23,1995-10-20,500,1,1,USB-200102,FRM-199612,USB,FRM
1995-11-01,1995-10-31,500,1,1,UMG-200006,BSET,UMG,BSET
1995-11-08,1995-11-07,500,1,1,M,ZE-199805,M,ZE
1995-11-27,1995-11-24,500,1,1,PPL,CBS-199511,PPL,CBS
1995-12-01,1995-11-30,500,2,2,CMA-202601;HUM,FNB-199511;SNC-199511,CMA;HUM,FNB;SNC
1995-12-13,1995-12-12,499,0,1,,SPP-199512,,SPP
1995-12-14,1995-12-13,500,1,0,LSI-201405,,LSI,
1995-12-20,1995-12-19,500,2,2,HIG;ITT-199802,MRN-199606;ZRN-199806,HIG;ITT,MRN;ZRN
1996-01-02,1995-12-29,500,1,1,COMS-201004,FFB-199512,COMS,FFB
1996-01-22,1996-01-19,500,1,1,CSE-199911,BCO,CSE,BCO
1996-02-12,1996-02-09,500,1,1,BAY-199808,CCB-199602,BAY,CCB
1996-03-08,1996-03-07,500,1,1,FITB,HDLM-201301,FITB,HDLM
1996-03-13,1996-03-12,500,1,1,GNT-199806,FBO-199603,GNT,FBO
1996-03-28,1996-03-27,500,1,1,EMC-201609,CYR-199606,EMC,CYR
1996-04-01,1996-03-29,500,2,2,GIC-200001;WCOEQ-200404,CMB-199603;I-199603,GIC;WCOEQ,CMB;I
1996-04-23,1996-04-22,500,1,1,AON,LOR-199604,AON,LOR
1996-05-31,1996-05-30,500,1,1,TUPBQ-202506,PMI-199911,TUPBQ,PMI
1996-07-19,1996-07-18,500,1,1,MTG,USHC-199607,MTG,USHC
1996-07-22,1996-07-19,500,1,1,BMG-200101,CAL,BMG,CAL
1996-08-16,1996-08-15,500,2,2,HFS-199712;SEG-200011,CVGQE-200412;PRSU,HFS;SEG,CVGQE;PRSU
1996-09-06,1996-09-05,500,1,1,DELL-201310,VAT-199609,DELL,VAT
1996-10-01,1996-09-30,500,1,1,LU-200611,OM-199709,LU,OM
1996-10-16,1996-10-15,500,1,1,UPR-200007,THY-199708,UPR,THY
1996-11-04,1996-11-01,500,1,1,RX-201002,YELLQ-202607,RX,YELLQ
1996-12-03,1996-12-02,500,1,1,MBI,CNW-201510,MBI,CNW
1996-12-19,1996-12-18,500,1,1,GDT-200604,BLY-199612,GDT,BLY
1997-01-02,1996-12-31,500,3,3,AZO;FRO-199909;TMO,LUB-202205;RYAN-200610;SHOY-200204,AZO;FRO;TMO,LUB;RYAN;SHOY
1997-01-07,1997-01-06,499,0,1,,BOAT-199701,,BOAT
1997-01-08,1997-01-07,500,1,0,EHC,,EHC,
1997-01-15,1997-01-14,500,1,1,CNCEQ-200309,AAL-199702,CNCEQ,AAL
1997-04-01,1997-03-31,499,0,1,,PAC-199703,,PAC
1997-04-03,1997-04-02,500,1,0,PTC,,PTC,
1997-05-06,1997-05-05,500,1,1,ADBE,GLD-199705,ADBE,GLD
1997-05-27,1997-05-23,500,1,1,CAH,CRR-199706,CAH,CRR
1997-06-02,1997-05-30,500,1,1,SCHW,DWD-199705,SCHW,DWD
1997-06-18,1997-06-17,500,1,1,CFC-200806,USH-199706,CFC,USH
1997-06-19,1997-06-18,500,1,1,EFX,PEL-199706,EFX,PEL
1997-07-02,1997-07-01,500,1,1,WAMUQ-201203,GWF-199707,WAMUQ,GWF
1997-07-17,1997-07-16,500,1,1,SAI-199812,GIDL-199709,SAI,GIDL
1997-07-28,1997-07-25,500,2,2,APA;APC-201908,INGR-200611;SFS-200008,APA;APC,INGR;SFS
1997-08-01,1997-07-31,499,0,1,,MD-199707,,MD
1997-08-04,1997-08-01,500,2,1,OI;PGR,USBC-199708,OI;PGR,USBC
1997-08-06,1997-08-05,500,1,1,HBAN,ENS-199708,HBAN,ENS
1997-08-07,1997-08-06,500,1,1,MIR-200005,NAE-199708,MIR,NAE
1997-08-15,1997-08-14,499,0,1,,NYN-199708,,NYN
1997-08-18,1997-08-15,500,1,0,STT,,STT,
1997-09-02,1997-08-29,500,1,1,CCU-200807,TDM-199708,CCU,TDM
1997-09-15,1997-09-12,500,1,1,KLAC,AMH-199709,KLAC,AMH
1997-10-07,1997-10-06,500,1,1,YUM,SRR-200708,YUM,SRR
1997-10-23,1997-10-22,500,1,1,HBOC-199901,LLX-199710,HBOC,LLX
1997-11-28,1997-11-26,500,1,1,SNV-202512,SB-199711,SNV,SB
1997-12-04,1997-12-03,500,1,1,TFC,BEV-200603,TFC,BEV
1997-12-18,1997-12-17,500,1,1,CINF,HFS-199712,CINF,HFS
1997-12-24,1997-12-23,500,1,1,OMC,FLMIQ-200408,OMC,FLMIQ
1998-01-12,1998-01-09,500,1,1,LEHMQ-201203,BBI-199801,LEHMQ,BBI
1998-01-20,1998-01-16,500,1,1,BIGGQ,ECO-200301,BIGGQ,ECO
1998-01-28,1998-01-27,500,1,1,SUB-200102,CBB-199801,SUB,CBB
1998-01-30,1998-01-29,500,1,1,NTRS,PAS-201002,NTRS,PAS
1998-02-23,1998-02-20,500,1,1,MTL-199909,ITT-199802,MTL,ITT
1998-04-01,1998-03-31,500,2,2,NXTL-200508;SEE-202604,JH-200705;SK-199805,NXTL;SEE,JH;SK
1998-04-08,1998-04-07,500,1,1,AFS-200011,CHRS-201206,AFS,CHRS
1998-04-27,1998-04-24,500,1,1,GTW-200710,FG-199804,GTW,FG
1998-04-28,1998-04-27,499,0,1,,CFL-199804,,CFL
1998-04-29,1998-04-28,500,1,0,BEN,,BEN,
1998-05-21,1998-05-20,500,1,1,MAR,SDH-200106,MAR,SDH
1998-06-12,1998-06-11,500,1,1,ASND-199906,DEC-199806,ASND,DEC
1998-06-29,1998-06-26,500,1,1,SRE,PET-199806,SRE,PET
1998-07-01,1998-06-30,500,3,3,BSC-200805;COF;SLM,BNL-199806;GNT-199806;RYI-200710,BSC;COF;SLM,BNL;GNT;RYI
1998-07-10,1998-07-09,500,1,1,FMY-199905,ECH-199807,FMY,ECH
1998-07-16,1998-07-15,500,1,1,DG-200707,GFS.A-199810,DG,GFS.A
1998-07-17,1998-07-16,500,1,1,WM,WMX-199807,WM,WMX
1998-08-11,1998-08-10,500,1,1,EDS-200808,WAI-199808,EDS,WAI
1998-08-14,1998-08-13,500,1,1,KSS,MST-199808,KSS,MST
1998-08-28,1998-08-27,500,1,1,RF,DIGI-199809,RF,DIGI
1998-08-31,1998-08-28,500,1,1,PVT-199906,BAY-199808,PVT,BAY
1998-09-15,1998-09-14,499,0,1,,MCIC-199809,,MCIC
1998-09-16,1998-09-15,500,1,0,NGH-200012,,NGH,
1998-09-28,1998-09-25,500,1,1,HCR-200712,MNR-199809,HCR,MNR
1998-09-30,1998-09-29,499,0,1,,DI-199809,,DI
1998-10-01,1998-09-30,500,3,2,BMC-201309;PAYX;UPC-200406,AHM-199810;BAC-199809,BMC;PAYX;UPC,AHM;BAC
1998-10-02,1998-10-01,500,2,2,AES;PSFT-200501,FCN-199810;USS-199810,AES;PSFT,FCN;USS
1998-10-07,1998-10-06,500,1,1,SPLS-201709,GSX-199810,SPLS,GSX
1998-10-08,1998-10-07,500,1,1,CCEP,CCI-199810,CCEP,CCI
1998-11-03,1998-11-02,500,1,1,NCE-200008,WFC-199811,NCE,WFC
1998-11-13,1998-11-12,500,1,1,SWY-201501,C-199811,SWY,C
1998-11-18,1998-11-17,500,1,1,DHR,STO-199811,DHR,STO
1998-11-24,1998-11-23,500,1,1,PCS-200404,AS-199909,PCS,AS
1998-12-22,1998-12-21,500,1,1,CCL,GRN-199812,CCL,GRN
1998-12-31,1998-12-30,500,1,1,SLR-200710,PZE-199908,SLR,PZE
1999-01-04,1998-12-31,500,3,3,CPWR-201412;TWX-201806;USB,AN-199812;FL-202509;SAI-199812,CPWR;TWX;USB,AN;FL;SAI
1999-01-13,1999-01-12,500,1,1,MCK,HBOC-199901,MCK,HBOC
1999-03-01,1999-02-26,500,1,1,SOTR-200410,ORX-199902,SOTR,ORX
1999-03-10,1999-03-09,500,1,1,ASO-200611,TCOMA-199903,ASO,TCOMA
1999-03-25,1999-03-24,500,1,1,LUMN,RBD-199903,LUMN,RBD
1999-04-05,1999-04-01,500,1,1,KSU-202112,AMP-199904,KSU,AMP
1999-04-12,1999-04-09,500,1,1,AGN-202005,ANV-199904,AGN,ANV
1999-05-03,1999-04-30,500,1,1,CMS,UCC-199904,CMS,UCC
1999-05-28,1999-05-27,500,2,2,AFL;DPHIQ-200910,FMY-199905;MWI-200402,AFL;DPHIQ,FMY;MWI
1999-06-04,1999-06-03,500,1,1,PWJ-200011,BT-199906,PWJ,BT
1999-06-09,1999-06-08,500,1,1,WLP-200411,HRZIQ-200107,WLP,HRZIQ
1999-06-22,1999-06-21,500,1,1,FPC-200011,MII-199906,FPC,MII
1999-06-24,1999-06-23,500,1,1,ODP-202512,ASC-199906,ODP,ASC
1999-06-25,1999-06-24,500,1,1,NTAP,ASND-199906,NTAP,ASND
1999-06-30,1999-06-29,500,1,1,BBY,ATI-199906,BBY,ATI
1999-07-01,1999-06-30,500,1,1,VMC,PVT-199906,VMC,PVT
1999-07-22,1999-07-21,500,1,1,QCOM,TA-199907,QCOM,TA
1999-08-02,1999-07-30,500,2,2,ADCT-201012;AW-200812,BFI-199907;NLC-199912,ADCT;AW,BFI;NLC
1999-08-09,1999-08-06,500,1,1,COC-200208,BMG-200101,COC,BMG
1999-08-13,1999-08-12,500,1,1,LXK-201611,RYC-199908,LXK,RYC
1999-09-20,1999-09-17,500,1,1,TOS-200109,MTL-199909,TOS,MTL
1999-09-29,1999-09-28,500,1,1,GBLXQ-200312,FRO-199909,GBLXQ,FRO
1999-10-01,1999-09-30,500,2,2,BBBYQ-202309;SXCL-201702,BKB-199909;FTL-200004,BBBYQ;SXCL,BKB;FTL
1999-10-04,1999-10-01,500,1,1,PNW,PHB-199910,PNW,PHB
1999-10-11,1999-10-08,499,0,1,,AIT-199910,,AIT
1999-10-12,1999-10-11,500,1,0,ADI,,ADI,
1999-10-13,1999-10-12,500,1,1,TROW,DGN-199910,TROW,DGN
1999-10-18,1999-10-15,500,1,1,LEG,CYM-199912,LEG,CYM
1999-10-26,1999-10-25,500,1,1,EP-201205,SNT-199910,EP,SNT
1999-10-27,1999-10-26,500,1,1,CMVT-201302,AR-199911,CMVT,AR
1999-11-05,1999-11-04,500,1,1,PTV-201011,TEN-202211,PTV,TEN
1999-11-08,1999-11-05,500,1,1,XLNX-202202,LHX,XLNX,LHX
1999-11-15,1999-11-12,500,1,1,TER,CSE-199911,TER,CSE
1999-11-16,1999-11-15,500,1,1,QTRN-200309,KWP-199911,QTRN,KWP
1999-11-30,1999-11-29,499,0,1,,PPW-199911,,PPW
1999-12-01,1999-11-30,500,2,1,CTXS-202209;MOLX-201312,MOB-199911,CTXS;MOLX,MOB
1999-12-02,1999-12-01,500,1,1,OK-200103,HON-199912,OK,HON
1999-12-08,1999-12-07,500,1,1,AABA-201910,LDW-200012,AABA,LDW
1999-12-31,1999-12-30,500,1,1,RIG,HP,RIG,HP
2000-01-03,1999-12-31,499,0,1,,RNB-199912,,RNB
2000-01-04,2000-01-03,500,1,0,VYX,,VYX,
2000-01-06,2000-01-05,500,1,1,YNR-200010,GIC-200001,YNR,GIC
2000-01-31,2000-01-28,500,3,3,BGEN-200311;CNXT-201104;HOG,CNG-200001;FLTWQ-200907;FWLT-201412,BGEN;CNXT;HOG,CNG;FLTWQ;FWLT
2000-03-16,2000-03-15,500,1,1,TSG-200703,SCI,TSG,SCI
2000-04-03,2000-03-31,500,2,2,LLTC-201703;VRTS-200507,PBY-201602;PNU-200003,LLTC;VRTS,PBY;PNU
2000-04-18,2000-04-17,500,1,1,ALTR-201512,ARC-200004,ALTR,ARC
2000-05-04,2000-05-03,498,0,2,,CBS-200005;RLM-200005,,CBS;RLM
2000-05-05,2000-05-04,500,2,0,SAPE-201502;SEBL-200601,,SAPE;SEBL,
2000-05-10,2000-05-09,500,1,1,MXIM-202108,JOS-200005,MXIM,JOS
2000-06-01,2000-05-31,500,1,1,APCC-200702,MIR-200005,APCC,MIR
2000-06-05,2000-06-02,500,1,1,A,NC,A,NC
2000-06-08,2000-06-07,500,1,1,SBUX,SMS-200007,SBUX,SMS
2000-06-13,2000-06-12,500,1,1,CVG-201810,TMC-200006,CVG,TMC
2000-06-15,2000-06-14,499,0,1,,UMG-200006,,UMG
2000-06-16,2000-06-15,499,1,1,MEDI-200706,CSR-200006,MEDI,CSR
2000-06-19,2000-06-16,500,2,1,CF-200408;NVLS-201206,CHA-200006,CF;NVLS,CHA
2000-06-20,2000-06-19,499,0,1,,WLA-200006,,WLA
2000-06-21,2000-06-20,500,2,1,SANM;TIF-202101,SGID-200610,SANM;TIF,SGID
2000-06-29,2000-06-28,500,2,2,MERQ-200611;VSTNQ-201010,IKN-200810;MZIAQ-201302,MERQ;VSTNQ,IKN;MZIAQ
2000-07-03,2000-06-30,499,1,2,BRCM-201601,GTE-200006;USW-200006,BRCM,GTE;USW
2000-07-06,2000-07-05,500,1,0,Q-201103,,Q,
2000-07-13,2000-07-12,500,1,1,JNS-201705,KSU-202112,JNS,KSU
2000-07-17,2000-07-14,500,1,1,CIT-200106,UPR-200007,CIT,UPR
2000-07-27,2000-07-26,500,1,1,VIAV,RADCQ-202409,VIAV,RADCQ
2000-07-28,2000-07-27,500,1,1,PALM-201006,COMS-201004,PALM,COMS
2000-08-21,2000-08-18,500,1,1,KSE-200708,NCE-200008,KSE,NCE
2000-08-30,2000-08-29,500,1,1,DVN,GAPTQ-201203,DVN,GAPTQ
2000-10-02,2000-09-29,500,1,1,AV-200710,OWENQ-200610,AV,OWENQ
2000-10-03,2000-10-02,500,2,2,DYN-201804;KG-201102,BFO-200010;YNR-200010,DYN;KG,BFO;YNR
2000-10-18,2000-10-17,500,1,1,NBR,MKG-200010,NBR,MKG
2000-10-23,2000-10-20,500,1,1,PWER-201307,UCM-200010,PWER,UCM
2000-11-02,2000-11-01,500,2,2,EOG;NI,CG-200011;EFU-200011,EOG;NI,CG;EFU
2000-11-06,2000-11-03,500,1,1,BVSN-202005,PWJ-200011,BVSN,PWJ
2000-11-17,2000-11-16,500,1,1,HOT-201609,ACKH-200712,HOT,ACKH
2000-11-22,2000-11-21,500,1,1,FRX-201406,SEG-200011,FRX,SEG
2000-11-24,2000-11-22,500,1,1,CHIR-200604,FJ-200011,CHIR,FJ
2000-12-01,2000-11-30,499,1,2,CPNLQ-200802,AFS-200011;FPC-200011,CPNLQ,AFS;FPC
2000-12-05,2000-12-04,500,1,0,RHI,,RHI,
2000-12-11,2000-12-08,500,5,5,ABKFQ-201304;AYE-201102;INTU;MET;SBL-200701,BHMSQ-200401;CCK;GRA-202109;OI;VO-200012,ABKFQ;AYE;INTU;MET;SBL,BHMSQ;CCK;GRA;OI;VO
2000-12-12,2000-12-11,500,4,4,KMI-200705;QLGC-201608;SYK;VTSS-201504,NGH-200012;PRD-200110;RML-200608;SMI-200109,KMI;QLGC;SYK;VTSS,NGH;PRD;RML;SMI
2000-12-22,2000-12-21,500,1,1,FLR,MEE-201106,FLR,MEE
2001-01-02,2000-12-29,500,1,1,AMCC-201701,JPM-200012,AMCC,JPM
2001-01-12,2001-01-11,499,0,1,,TWX-200101,,TWX
2001-01-16,2001-01-12,500,1,0,NEBLQ-202102,,NEBLQ,
2001-01-30,2001-01-29,500,1,1,JBL,CGP-200101,JBL,CGP
2001-02-07,2001-02-06,500,1,1,UVN-200703,UK-200102,UVN,UK
2001-02-26,2001-02-23,499,0,1,,USB-200102,,USB
2001-02-27,2001-02-26,500,1,0,FTRCQ-202104,,FTRCQ,
2001-03-01,2001-02-28,500,1,1,CTAS,SUB-200102,CTAS,SUB
2001-04-02,2001-03-30,500,2,2,CE-200402;FISV,CEN-200711;OK-200103,CE;FISV,CEN;OK
2001-04-03,2001-04-02,500,1,1,MIR-201012,BGGSQ-202101,MIR,BGGSQ
2001-05-14,2001-05-11,500,1,1,PBG-201002,SXCL-201702,PBG,SXCL
2001-06-04,2001-06-01,500,1,1,MWW-201610,CIT-200106,MWW,CIT
2001-06-25,2001-06-22,500,1,1,ZION,AZA-200106,ZION,AZA
2001-06-29,2001-06-28,500,1,1,JHF-200404,H-200107,JHF,H
2001-07-02,2001-06-29,500,1,1,COL-201811,LDG-200810,COL,LDG
2001-07-09,2001-07-06,500,1,1,AWE-200410,PCH-202601,AWE,PCH
2001-08-03,2001-08-02,500,1,1,PMCS-201601,OAT-200108,PMCS,OAT
2001-08-06,2001-08-03,500,1,1,FDO-201507,ETS-200603,FDO,ETS
2001-08-07,2001-08-06,500,1,1,ZBH,TKR,ZBH,TKR
2001-08-29,2001-08-28,499,0,1,,AGC-200108,,AGC
2001-08-30,2001-08-29,500,2,1,CIEN;COR,OKE,CIEN;COR,OKE
2001-09-04,2001-08-31,500,2,2,IGT-201504;XL-201809,BVSN-202005;WB-200108,IGT;XL,BVSN;WB
2001-09-17,2001-09-10,499,0,1,,TOS-200109,,TOS
2001-09-21,2001-09-20,500,1,0,IMNX-200207,,IMNX,
2001-10-10,2001-10-09,500,2,2,EOP-200702;TE-201606,GBLXQ-200312;TX-200110,EOP;TE,GBLXQ;TX
2001-11-07,2001-11-06,500,1,1,HMA-201401,GPU-200111,HMA,GPU
2001-11-30,2001-11-29,500,1,1,NVDA,ENRNQ-200411,NVDA,ENRNQ
2001-12-03,2001-11-30,500,1,1,EQR,NSI-200306,EQR,NSI
2001-12-13,2001-12-12,499,0,1,,RAL-200112,,RAL
2001-12-14,2001-12-13,500,1,0,GENZ-201104,,GENZ,
2001-12-17,2001-12-14,500,1,1,JNY-201404,HM-200112,JNY,HM
2002-01-02,2001-12-31,500,1,1,WAT,FMC,WAT,FMC
2002-01-17,2002-01-16,500,1,1,PCL-201602,KM-200212,PCL,KM
2002-01-30,2002-01-29,500,1,1,CB,MEA-200201,CB,MEA
2002-02-01,2002-01-31,500,1,1,RATL-200302,NMK-200201,RATL,NMK
2002-02-11,2002-02-08,500,1,1,MI-201107,WLL-200203,MI,WLL
2002-05-06,2002-05-03,500,1,1,FHN,CPQ-200205,FHN,CPQ
2002-05-13,2002-05-10,500,1,1,TT-200806,SAPE-201502,TT,SAPE
2002-05-15,2002-05-14,500,2,2,APOL-201702;BJS-201004,UAWGQ-200303;WCOEQ-200404,APOL;BJS,UAWGQ;WCOEQ
2002-06-26,2002-06-25,500,1,1,SPG,CNXT-201104,SPG,CNXT
2002-07-16,2002-07-15,499,0,1,,IMNX-200207,,IMNX
2002-07-17,2002-07-16,500,1,0,NFB-200611,,NFB,
2002-07-22,2002-07-19,500,7,7,EA;EBAY;GS;PFG;PRU;SDS-200508;UPS,AL-200711;B;INCLF-200701;NRTLQ-201510;PDG-200603;SHEL;UN-202011,EA;EBAY;GS;PFG;PRU;SDS;UPS,AL;B;INCLF;NRTLQ;PDG;SHEL;UN
2002-07-25,2002-07-24,500,1,1,ELV,CNCEQ-200309,ELV,CNCEQ
2002-08-14,2002-08-13,500,1,1,MON-201806,PALM-201006,MON,PALM
2002-08-21,2002-08-20,500,1,1,TAP.B-200404,VTSS-201504,TAP.B,VTSS
2002-09-03,2002-08-30,499,0,1,,COC-200208,,COC
2002-09-04,2002-09-03,500,1,0,RAI-201707,,RAI,
2002-12-12,2002-12-11,500,1,1,DGX,TRW-200212,DGX,TRW
2003-02-21,2003-02-20,499,0,1,,RATL-200302,,RATL
2003-02-24,2003-02-21,500,1,0,AN,,AN,
2003-03-14,2003-03-13,500,1,1,AIV,AAMRQ-201312,AIV,AAMRQ
2003-03-19,2003-03-18,499,0,1,,EHC,,EHC
2003-03-21,2003-03-20,500,1,0,MKC,,MKC,
2003-03-31,2003-03-28,500,1,1,GEN,HI-200303,GEN,HI
2003-04-16,2003-04-15,500,1,1,FHI,PHA-200304,FHI,PHA
2003-07-15,2003-07-14,499,0,1,,MIR-201012,,MIR
2003-07-17,2003-07-16,500,1,0,PLD-201106,,PLD,
2003-08-20,2003-08-19,500,1,1,MHS-201203,MDRIQ-202006,MHS,MDRIQ
2003-09-26,2003-09-25,500,1,1,ESRX-201812,QTRN-200309,ESRX,QTRN
2003-11-13,2003-11-12,500,1,1,BIIB,BGEN-200311,BIIB,BGEN
2004-02-27,2004-02-26,500,1,1,MTB,CE-200402,MTB,CE
2004-03-25,2004-03-24,500,1,1,CMX-200703,TUPBQ-202506,CMX,TUPBQ
2004-04-01,2004-03-31,500,1,1,ETFC-202010,FBF-200403,ETFC,FBF
2004-04-02,2004-04-01,500,1,1,ACS-201002,TAP.B-200404,ACS,TAP.B
2004-04-23,2004-04-22,500,1,1,VTRS,PCS-200404,VTRS,PCS
2004-04-29,2004-04-28,500,1,1,VLO,JHF-200404,VLO,JHF
2004-05-03,2004-04-30,500,1,1,HSP-201509,AM-201308,HSP,AM
2004-07-01,2004-06-30,500,2,2,GILD;SOV-200901,ONE-200406;UPC-200406,GILD;SOV,ONE;UPC
2004-08-03,2004-08-02,500,1,1,FSH-200611,TNB-201205,FSH,TNB
2004-09-01,2004-08-31,500,1,1,TPR,CF-200408,TPR,CF
2004-10-27,2004-10-26,500,1,1,CITGQ-200912,AWE-200410,CITGQ,AWE
2004-11-01,2004-10-29,500,1,1,LH,SOTR-200410,LH,SOTR
2004-12-01,2004-11-30,500,1,1,LLL-201906,WLP-200411,LLL,WLP
2004-12-03,2004-12-02,500,1,1,FSL.B-200612,WNDXQ-200611,FSL.B,WNDXQ
2004-12-20,2004-12-17,500,3,3,ASN-200710;CBSS-200709;TFCFA-201903,CXT;DLX;WOR,ASN;CBSS;TFCFA,CXT;DLX;WOR
2004-12-29,2004-12-28,500,1,1,XTO-201006,PSFT-200501,XTO,PSFT
2005-03-14,2005-03-11,500,1,1,NOV,PWER-201307,NOV,PWER
2005-03-28,2005-03-24,500,1,1,SHLDQ-202210,S-200503,SHLDQ,S
2005-07-05,2005-07-01,500,2,2,DHI;STZ,GLK-200507;VRTS-200507,DHI;STZ,GLK;VRTS
2005-07-22,2005-07-21,500,1,1,WFRD,TOY-200507,WFRD,TOY
2005-08-11,2005-08-10,500,1,1,TSN,UCL-200508,TSN,UCL
2005-08-12,2005-08-11,500,1,1,VNO,SDS-200508,VNO,SDS
2005-08-15,2005-08-12,500,1,1,MUR,NXTL-200508,MUR,NXTL
2005-08-19,2005-08-18,500,1,1,PSA,DALRQ-200704,PSA,DALRQ
2005-08-26,2005-08-25,499,0,1,,MAY-200508,,MAY
2005-08-30,2005-08-29,500,1,0,CVH-201305,,CVH,
2005-10-03,2005-09-30,499,1,2,AMP,G-200509;PVN-200509,AMP,G;PVN
2005-10-04,2005-10-03,500,1,0,LEN,,LEN,
2005-10-11,2005-10-10,500,1,1,PDCO-202504,DPHIQ-200910,PDCO,DPHIQ
2005-11-21,2005-11-18,500,1,1,AMZN,T-200511,AMZN,T
2005-12-02,2005-12-01,500,1,1,GNW,CPNLQ-200802,GNW,CPNLQ
2005-12-20,2005-12-19,500,1,1,SSP,GP-200512,SSP,GP
2006-01-03,2005-12-30,500,2,2,VIAB-201912;WFM-201708,KRB-200512;VSTNQ-201010,VIAB;WFM,KRB;VSTNQ
2006-01-04,2006-01-03,499,0,1,,MERQ-200611,,MERQ
2006-01-05,2006-01-04,500,1,0,EL,,EL,
2006-02-01,2006-01-31,500,2,2,HAR-201703;VRSN,RBK-200601;SEBL-200601,HAR;VRSN,RBK;SEBL
2006-02-27,2006-02-24,500,1,1,BRL-200812,SFA-200602,BRL,SFA
2006-03-03,2006-03-02,500,1,1,CHKAQ-202102,DCNAQ-200801,CHKAQ,DCNAQ
2006-04-03,2006-03-31,500,4,4,BXP;DFODQ-202106;GOOGL;KIM,BR-200603;CIN-200603;JP-200603;MYG-200603,BXP;DFODQ;GOOGL;KIM,BR;CIN;JP;MYG
2006-04-20,2006-04-19,500,1,1,SNDK-201605,CHIR-200604,SNDK,CHIR
2006-04-24,2006-04-21,500,1,1,LM-202007,GDT-200604,LM,GDT
2006-05-18,2006-05-17,500,1,1,EQ-200906,AMCC-201701,EQ,AMCC
2006-06-02,2006-06-01,500,1,1,JNPR-202507,ABS-200606,JNPR,ABS
2006-06-06,2006-06-05,500,1,1,CBH-200803,EC-200606,CBH,EC
2006-06-28,2006-06-27,500,1,1,CNX,KRI-200606,CNX,KRI
2006-07-18,2006-07-17,500,1,1,WINMQ-202009,CTB-202106,WINMQ,CTB
2006-08-01,2006-07-31,500,2,2,H-200704;TNL,CAR;GTW-200710,H;TNL,CAR;GTW
2006-08-11,2006-08-10,500,1,1,CME,KMG-200608,CME,KMG
2006-10-02,2006-09-29,500,2,2,SII-201008;WU,ANDW-200712;GDW-200609,SII;WU,ANDW;GDW
2006-11-06,2006-11-03,500,1,1,CELG-201911,ASO-200611,CELG,ASO
2006-11-10,2006-11-09,500,2,2,CBRE;FIS,FSH-200611;LPX,CBRE;FIS,FSH;LPX
2006-11-17,2006-11-16,500,1,1,CTSH,ACV-201105,CTSH,ACV
2006-11-20,2006-11-17,500,1,1,BTUUQ-201704,HCA-200611,BTUUQ,HCA
2006-12-01,2006-11-30,500,2,2,PPLI;STR-201609,LU-200611;NFB-200611,PPLI;STR,LU;NFB
2006-12-04,2006-12-01,500,1,1,DTV-201507,FSL.B-200612,DTV,FSL.B
2006-12-20,2006-12-19,500,1,1,TEX,NAV-202106,TEX,NAV
2007-01-03,2006-12-29,499,1,2,SE-201702,BLS-200612;PTC,SE,BLS;PTC
2007-01-04,2007-01-03,500,1,0,VALPQ-202104,,VALPQ,
2007-01-10,2007-01-09,500,1,1,AVB,SBL-200701,AVB,SBL
2007-02-01,2007-01-31,499,0,1,,CMVT-201302,,CMVT
2007-02-02,2007-02-01,500,1,0,RL,,RL,
2007-02-12,2007-02-09,500,1,1,VAR-202104,EOP-200702,VAR,EOP
2007-02-15,2007-02-14,500,1,1,HCBK-201510,APCC-200702,HCBK,APCC
2007-02-22,2007-02-21,500,1,1,TEG-201506,PGL-200702,TEG,PGL
2007-03-02,2007-03-01,500,1,1,CHRW,HMA-201401,CHRW,HMA
2007-03-20,2007-03-19,500,1,1,HST,PD-200703,HST,PD
2007-03-22,2007-03-21,499,0,1,,CMX-200703,,CMX
2007-03-23,2007-03-22,500,1,0,SITC,,SITC,
2007-03-29,2007-03-28,500,1,1,ANF,UVN-200703,ANF,UVN
2007-04-02,2007-03-30,500,1,1,MDLZ,TSG-200703,MDLZ,TSG
2007-04-10,2007-04-09,500,1,1,AIZ,H-200704,AIZ,H
2007-05-31,2007-05-30,500,1,1,SUNEQ-201712,KMI-200705,SUNEQ,KMI
2007-06-01,2007-05-31,500,1,1,PCP-201601,MEDI-200706,PCP,MEDI
2007-07-02,2007-06-29,500,4,4,COV-201501;DFS-202505;GGP-201808;TEL,ADCT-201012;MEL-200706;PMCS-201601;SANM,COV;DFS;GGP;TEL,ADCT;MEL;PMCS;SANM
2007-07-09,2007-07-06,500,1,1,ACAS-201701,DG-200707,ACAS,DG
2007-07-12,2007-07-11,500,1,1,AKAM,BMET-200709,AKAM,BMET
2007-08-27,2007-08-24,500,1,1,JEF,KSE-200708,JEF,KSE
2007-09-07,2007-09-06,500,1,1,MCHP,CBSS-200709,MCHP,CBSS
2007-09-25,2007-09-24,499,0,1,,FDC-200709,,FDC
2007-09-26,2007-09-25,500,1,0,ICE,,ICE,
2007-09-27,2007-09-26,500,1,1,ANDV-201809,MXIM-202108,ANDV,MXIM
2007-10-01,2007-09-28,500,1,1,TDC,VYX,TDC,VYX
2007-10-02,2007-10-01,500,1,1,EXPE,SLR-200710,EXPE,SLR
2007-10-08,2007-10-05,500,1,1,NBL-202010,ASN-200710,NBL,ASN
2007-10-10,2007-10-09,500,1,1,EXPD,TXU-200710,EXPD,TXU
2007-10-25,2007-10-24,500,1,1,NYX-201311,HLT-200710,NYX,HLT
2007-10-26,2007-10-25,500,1,1,J,AV-200710,J,AV
2007-10-29,2007-10-26,500,1,1,TIE-201301,BOL-200710,TIE,BOL
2007-11-09,2007-11-08,500,1,1,POM-201603,HCR-200712,POM,HCR
2007-11-16,2007-11-15,500,1,1,MTW,TEK-200711,MTW,TEK
2007-11-19,2007-11-16,500,1,1,AMT,AT-200711,AMT,AT
2007-12-14,2007-12-13,500,1,1,GME,DJ-200712,GME,DJ
2007-12-21,2007-12-20,500,1,1,RRC,TRB-200712,RRC,TRB
2007-12-31,2007-12-28,500,1,1,GHC,TIN-201202,GHC,TIN
2008-01-02,2007-12-31,500,1,1,TSS-201909,SNV-202512,TSS,SNV
2008-01-29,2008-01-28,500,1,1,CAM-201604,HET-200801,CAM,HET
2008-03-31,2008-03-28,500,2,2,DOC;PM,CBH-200803;CCTYQ-201109,DOC;PM,CBH;CCTYQ
2008-06-02,2008-05-30,500,1,1,ISRG,BSC-200805,ISRG,BSC
2008-06-06,2008-06-05,500,1,1,SWN-202409,TT-200806,SWN,TT
2008-06-11,2008-06-10,500,1,1,LO-201506,ABKFQ-201304,LO,ABKFQ
2008-06-23,2008-06-20,500,2,2,CTRA-202605;MEE-201106,BC;OMX-201311,CTRA;MEE,BC;OMX
2008-07-01,2008-06-30,500,2,2,AKS-202003;SNI-201803,CFC-200806;SSP,AKS;SNI,CFC;SSP
2008-07-18,2008-07-17,500,1,1,MA,CB,MA,CB
2008-07-31,2008-07-30,500,1,1,DVA,CCU-200807,DVA,CCU
2008-08-21,2008-08-20,500,1,1,IVZ,PPLI,IVZ,PPLI
2008-08-26,2008-08-25,499,0,1,,EDS-200808,,EDS
2008-08-27,2008-08-26,500,1,0,CF,,CF,
2008-09-11,2008-09-10,498,0,2,,FMCC;FNMA,,FMCC;FNMA
2008-09-15,2008-09-12,500,2,0,CRM;FAST,,CRM;FAST,
2008-09-17,2008-09-16,499,0,1,,LEHMQ-201203,,LEHMQ
2008-09-22,2008-09-19,500,1,0,LHX,,LHX,
2008-09-23,2008-09-22,499,0,1,,SAF-200809,,SAF
2008-09-24,2008-09-23,500,1,0,PXD-202405,,PXD,
2008-09-30,2008-09-29,499,1,2,APH,WAMUQ-201203;WEN-200809,APH,WAMUQ;WEN
2008-10-02,2008-10-01,500,1,0,FLS,,FLS,
2008-10-07,2008-10-06,500,1,1,KDP,WWY-200810,KDP,WWY
2008-10-22,2008-10-21,500,1,1,NDAQ,DDS,NDAQ,DDS
2008-10-31,2008-10-30,500,1,1,WEC,MTG,WEC,MTG
2008-11-06,2008-11-05,500,1,1,SJM,TEX,SJM,TEX
2008-11-11,2008-11-10,499,0,1,,UIS,,UIS
2008-11-13,2008-11-12,499,1,1,PBCT-202204,GGP-201808,PBCT,GGP
2008-11-14,2008-11-13,499,2,2,WYNN;XRAY,ASH;HPC-200811,WYNN;XRAY,ASH;HPC
2008-11-17,2008-11-14,500,1,0,CEPH-201110,,CEPH,
2008-11-18,2008-11-17,499,0,1,,BUD-200811,,BUD
2008-11-19,2008-11-18,500,1,0,SRCL-202411,,SRCL,
2008-11-24,2008-11-21,500,1,1,LIFE-201402,ABI-200811,LIFE,ABI
2008-12-02,2008-12-01,500,1,1,DNB-201902,KATE-201707,DNB,KATE
2008-12-05,2008-12-04,500,1,1,RSG,AW-200812,RSG,AW
2008-12-19,2008-12-18,500,1,1,EQT,RIG,EQT,RIG
2008-12-23,2008-12-22,500,1,1,MFE-201102,BRL-200812,MFE,BRL
2009-01-02,2008-12-31,500,3,3,FLIR-202105;OI;SCG-201812,MER-200812;NCC-200812;WB-200812,FLIR;OI;SCG,MER;NCC;WB
2009-01-06,2009-01-05,500,1,1,IRM,UST-200901,IRM,UST
2009-01-30,2009-01-29,500,1,1,WELL,SOV-200901,WELL,SOV
2009-02-26,2009-02-25,500,1,1,DOFSQ-202104,WFRD,DOFSQ,WFRD
2009-03-04,2009-03-03,500,2,2,HRL;VTR,ACAS-201701;JNY-201404,HRL;VTR,ACAS;JNY
2009-03-17,2009-03-16,500,1,1,ES,JCI,ES,JCI
2009-03-27,2009-03-26,500,1,1,ORLY,NEBLQ-202102,ORLY,NEBLQ
2009-03-30,2009-03-27,500,1,1,TWC-201605,SITC,TWC,SITC
2009-04-02,2009-04-01,500,1,1,DNRCQ-202009,ROH-200904,DNRCQ,ROH
2009-06-03,2009-06-02,499,0,1,,MTLQQ-201103,,MTLQQ
2009-06-05,2009-06-04,499,1,1,FTI-201701,COV-201501,FTI,COV
2009-06-09,2009-06-08,500,1,0,CVSA,,CVSA,
2009-06-26,2009-06-25,499,0,1,,TEL,,TEL
2009-06-30,2009-06-29,500,1,0,TMUS,,TMUS,
2009-07-01,2009-06-30,500,2,2,PWR;WDC,EQ-200906;TT,PWR;WDC,EQ;TT
2009-07-27,2009-07-24,500,1,1,RHT-201907,CITGQ-200912,RHT,CITGQ
2009-08-19,2009-08-18,500,1,1,FMC,CTX-200908,FMC,CTX
2009-09-01,2009-08-31,500,1,1,CFN-201503,MTW,CFN,MTW
2009-09-09,2009-09-08,500,1,1,ARG-201605,CBE-201211,ARG,CBE
2009-10-16,2009-10-15,500,1,1,FSLR,WYE-200910,FSLR,WYE
2009-11-04,2009-11-03,499,0,1,,SGP-200911,,SGP
2009-11-06,2009-11-05,500,1,0,BKNG,,BKNG,
2009-12-21,2009-12-18,500,5,5,CLF;LDOS;MJN-201706;ROST;V,CIEN;CVG-201810;DYN-201804;KBH;MBI,CLF;LDOS;MJN;ROST;V,CIEN;CVG;DYN;KBH;MBI
2009-12-23,2009-12-22,500,1,1,ROP,VALPQ-202104,ROP,VALPQ
2010-01-27,2010-01-26,499,0,1,,JAVA-201001,,JAVA
2010-01-29,2010-01-28,500,1,0,NRG,,NRG,
2010-02-08,2010-02-05,500,1,1,URBN,ACS-201002,URBN,ACS
2010-02-16,2010-02-12,500,1,1,BRK.B,BNI-201002,BRK.B,BNI
2010-02-26,2010-02-25,499,0,1,,RX-201002,,RX
2010-03-01,2010-02-26,500,2,1,HP;WBD,PBG-201002,HP;WBD,PBG
2010-03-15,2010-03-12,500,1,1,OKE,BDK-201003,OKE,BDK
2010-04-29,2010-04-28,499,0,1,,BJS-201004,,BJS
2010-04-30,2010-04-29,500,1,0,CERN-202206,,CERN,
2010-06-28,2010-06-25,500,1,1,KMX,XTO-201006,KMX,XTO
2010-07-01,2010-06-30,500,1,1,QEP-202103,STR-201609,QEP,STR
2010-07-15,2010-07-14,500,1,1,CB,MIL-201007,CB,MIL
2010-08-27,2010-08-26,500,1,1,JCI,SII-201008,JCI,SII
2010-11-17,2010-11-16,500,1,1,TT,PTV-201011,TT,PTV
2010-12-20,2010-12-17,500,4,4,CVC-201606;FFIV;NFLX;NFX-201902,EKDKQ-201309;KG-201102;NYT;ODP-202512,CVC;FFIV;NFLX;NFX,EKDKQ;KG;NYT;ODP
2011-01-04,2011-01-03,500,1,1,MMI-201205,MDP-202112,MMI,MDP
2011-01-18,2011-01-14,500,1,1,NEBLQ-202102,QLGC-201608,NEBLQ,QLGC
2011-02-28,2011-02-25,500,1,1,JOY-201704,AYE-201102,JOY,AYE
2011-03-01,2011-02-28,500,1,1,COV-201501,MFE-201102,COV,MFE
2011-04-01,2011-03-31,500,1,1,EW,Q-201103,EW,Q
2011-04-04,2011-04-01,500,1,1,BLK,GENZ-201104,BLK,GENZ
2011-04-28,2011-04-27,500,1,1,CMG,NOVL-201104,CMG,NOVL
2011-06-02,2011-06-01,500,1,1,ANRZQ-201607,MEE-201106,ANRZQ,MEE
2011-06-03,2011-06-02,500,1,1,PLD,PLD-201106,PLD,PLD
2011-07-01,2011-06-30,500,1,1,MPC,RSHCQ-201510,MPC,RSHCQ
2011-07-06,2011-07-05,500,1,1,ACN,MI-201107,ACN,MI
2011-09-26,2011-09-23,500,1,1,MOS,NSM-201109,MOS,NSM
2011-10-14,2011-10-13,499,0,1,,CEPH-201110,,CEPH
2011-10-17,2011-10-14,500,1,0,TEL,,TEL,
2011-11-01,2011-10-31,500,1,1,XYL,ITT,XYL,ITT
2011-11-23,2011-11-22,500,1,1,CBE-201211,JNS-201705,CBE,JNS
2011-12-12,2011-12-09,499,0,1,,GAS-201112,,GAS
2011-12-13,2011-12-12,500,1,0,GAS-201606,,GAS,
2011-12-19,2011-12-16,500,3,3,BWA;DLTR;PRGO,AKS-202003;MWW-201610;SUNEQ-201712,BWA;DLTR;PRGO,AKS;MWW;SUNEQ
2011-12-21,2011-12-20,500,1,1,TRIP,TLAB-201312,TRIP,TLAB
2012-01-03,2011-12-30,500,1,1,WPX-202101,CPWR-201412,WPX,CPWR
2012-03-13,2012-03-12,500,1,1,CCI,CEG-201203,CCI,CEG
2012-04-02,2012-03-30,499,0,1,,MHS-201203,,MHS
2012-04-04,2012-04-03,500,1,0,FOSL,,FOSL,
2012-05-01,2012-04-30,500,1,1,PSX,SVU-201810,PSX,SVU
2012-05-22,2012-05-21,499,0,1,,MMI-201205,,MMI
2012-05-25,2012-05-24,500,2,1,ALXN-202107;KMI,EP-201205,ALXN;KMI,EP
2012-06-05,2012-06-04,500,1,1,LRCX,NVLS-201206,LRCX,NVLS
2012-06-29,2012-06-28,500,1,1,MNST,HSH-201408,MNST,HSH
2012-07-02,2012-06-29,500,1,1,STX,PGN-201207,STX,PGN
2012-07-27,2012-07-26,499,0,1,,GR-201207,,GR
2012-07-31,2012-07-30,500,1,0,VALPQ-202104,,VALPQ,
2012-09-05,2012-09-04,500,1,1,LYB,SHLDQ-202210,LYB,SHLDQ
2012-10-01,2012-09-28,499,1,2,PNR,CVSA;LXK-201611,PNR,CVSA;LXK
2012-10-02,2012-10-01,500,2,1,ADT-201604;KRFT-201507,ANRZQ-201607,ADT;KRFT,ANRZQ
2012-10-05,2012-10-04,500,1,1,PETM-201503,SUN-201210,PETM,SUN
2012-12-03,2012-11-30,500,1,1,DG,CBE-201211,DG,CBE
2012-12-12,2012-12-11,500,1,1,GRMN,RRD-202202,GRMN,RRD
2012-12-24,2012-12-21,500,1,1,APTV,TIE-201301,APTV,TIE
2013-01-02,2012-12-31,500,1,1,ABBV,FHI,ABBV,FHI
2013-02-14,2013-02-13,500,1,1,PVH,BIGGQ,PVH,BIGGQ
2013-05-01,2013-04-30,500,1,1,REGN,TMUS,REGN,TMUS
2013-05-07,2013-05-06,499,0,1,,CVH-201305,,CVH
2013-05-09,2013-05-08,500,1,0,MAC,,MAC,
2013-05-24,2013-05-23,500,1,1,KSU-202112,DFODQ-202106,KSU,DFODQ
2013-06-07,2013-06-06,500,1,1,GM,HNZ-201306,GM,HNZ
2013-06-24,2013-06-21,500,1,1,ZTS,FHN,ZTS,FHN
2013-07-01,2013-06-28,500,1,1,NWSA,APOL-201702,NWSA,APOL
2013-07-09,2013-07-08,500,1,1,NLSN-202210,S-202003,NLSN,S
2013-09-11,2013-09-10,500,1,1,DAL,BMC-201309,DAL,BMC
2013-09-23,2013-09-20,500,2,2,AME;VRTX,AMD;LDOS,AME;VRTX,AMD;LDOS
2013-10-29,2013-10-28,500,1,1,RIG,DELL-201310,RIG,DELL
2013-11-13,2013-11-12,500,1,1,CPRI,NYX-201311,CPRI,NYX
2013-12-02,2013-11-29,500,1,1,ALLE,CPPRQ-202102,ALLE,CPPRQ
2013-12-09,2013-12-06,499,0,1,,MOLX-201312,,MOLX
2013-12-10,2013-12-09,500,1,0,GGP-201808,,GGP,
2013-12-23,2013-12-20,500,3,3,BFH;META;MHK,ANF;TER;VIAV,BFH;META;MHK,ANF;TER;VIAV
2014-01-24,2014-01-23,500,1,1,TSCO,LIFE-201402,TSCO,LIFE
2014-03-24,2014-03-21,500,1,1,GMCR-201603,WPX-202101,GMCR,WPX
2014-04-02,2014-04-01,500,1,1,ESS,CLF,ESS,CLF
2014-04-03,2014-04-02,501,1,0,GOOG,,GOOG,
2014-05-01,2014-04-30,501,2,2,NAVI;UAA,BEAM-201404;SLM,NAVI;UAA,BEAM;SLM
2014-05-07,2014-05-06,500,0,1,,LSI-201405,,LSI
2014-05-08,2014-05-07,501,1,0,AVGO,,AVGO,
2014-06-20,2014-06-19,501,1,1,XEC-202109,IGT-201504,XEC,IGT
2014-07-01,2014-06-30,501,1,1,AMG,FRX-201406,AMG,FRX
2014-07-02,2014-07-01,501,1,1,MLM,X-202506,MLM,X
2014-08-07,2014-08-06,502,1,0,DISCK-202204,,DISCK,
2014-08-19,2014-08-18,502,1,1,MNKKQ-202206,RDC-201904,MNKKQ,RDC
2014-09-22,2014-09-19,502,2,2,UHS;URI,BTUUQ-201704;GHC,UHS;URI,BTUUQ;GHC
2014-11-05,2014-11-04,502,1,1,LVLT-201710,JBL,LVLT,JBL
2014-12-05,2014-12-04,502,1,1,RCL,BMS-201906,RCL,BMS
2015-01-27,2015-01-26,502,2,2,ENDPQ-202405;HCA,COV-201501;SWY-201501,ENDPQ;HCA,COV;SWY
2015-03-12,2015-03-11,502,1,1,SWKS,PETM-201503,SWKS,PETM
2015-03-17,2015-03-16,500,0,2,,AGN-201503;CFN-201503,,AGN;CFN
2015-03-18,2015-03-17,501,1,0,HSIC,,HSIC,
2015-03-23,2015-03-20,502,4,3,AAL;EQIX;HBI-202511;SLG,AVP-202001;DNRCQ-202009;NBR,AAL;EQIX;HBI;SLG,AVP;DNRCQ;NBR
2015-04-07,2015-04-06,502,1,1,O,WINMQ-202009,O,WINMQ
2015-06-12,2015-06-11,502,1,1,QRVO,LO-201506,QRVO,LO
2015-06-30,2015-06-29,501,0,1,,TEG-201506,,TEG
2015-07-01,2015-06-30,502,2,1,BXLT-201606;JBHT,QEP-202103,BXLT;JBHT,QEP
2015-07-02,2015-07-01,502,2,2,CPGX-201606;WRK-202407,ATI;MWV-201507,CPGX;WRK,ATI;MWV
2015-07-06,2015-07-02,502,1,1,KHC,KRFT-201507,KHC,KRFT
2015-07-07,2015-07-06,501,0,1,,FDO-201507,,FDO
2015-07-09,2015-07-08,502,1,0,AAP,,AAP,
2015-07-20,2015-07-17,502,1,1,PYPL,NEBLQ-202102,PYPL,NEBLQ
2015-07-27,2015-07-24,501,0,1,,DTV-201507,,DTV
2015-07-29,2015-07-28,502,1,0,SIG,,SIG,
2015-08-31,2015-08-28,502,1,1,ATVI-202310,PLL-201508,ATVI,PLL
2015-09-03,2015-09-02,502,1,1,UAL,HSP-201509,UAL,HSP
2015-09-21,2015-09-18,505,3,0,CMCSK-201512;NWS;TFCF-201903,,CMCSK;NWS;TFCF,
2015-10-08,2015-10-07,505,1,1,VRSK,JOY-201704,VRSK,JOY
2015-11-02,2015-10-30,505,1,1,HPE,HCBK-201510,HPE,HCBK
2015-11-18,2015-11-17,504,1,2,SYF,GNW;SIAL-201511,SYF,GNW;SIAL
2015-11-19,2015-11-18,505,1,0,ILMN,,ILMN,
2015-11-30,2015-11-27,506,1,0,CSRA-201804,,CSRA,
2015-12-01,2015-11-30,505,0,1,,DXC,,DXC
2015-12-14,2015-12-11,504,0,1,,CMCSK-201512,,CMCSK
2015-12-28,2015-12-24,503,0,1,,ALTR-201512,,ALTR
2015-12-29,2015-12-28,504,1,0,CHD,,CHD,
2016-01-05,2016-01-04,504,1,1,WTW,FOSL,WTW,FOSL
2016-01-15,2016-01-14,503,0,1,,CB-201601,,CB
2016-01-19,2016-01-15,504,1,0,EXR,,EXR,
2016-02-01,2016-01-29,504,2,2,CFG;FRT,BRCM-201601;PCP-201601,CFG;FRT,BRCM;PCP
2016-02-22,2016-02-19,504,1,1,CXO-202101,PCL-201602,CXO,PCL
2016-03-03,2016-03-02,503,0,1,,GMCR-201603,,GMCR
2016-03-04,2016-03-03,503,1,1,AWK,CNX,AWK,CNX
2016-03-07,2016-03-04,504,1,0,UDR,,UDR,
2016-03-24,2016-03-23,503,0,1,,POM-201603,,POM
2016-03-30,2016-03-29,504,2,1,CNC;HOLX-202604,VALPQ-202104,CNC;HOLX,VALPQ
2016-04-04,2016-04-01,504,1,1,FL-202509,CAM-201604,FL,CAM
2016-04-08,2016-04-07,505,1,0,UA,,UA,
2016-04-18,2016-04-15,505,1,1,ULTA,THC,ULTA,THC
2016-04-25,2016-04-22,505,1,1,GPN,GME,GPN,GME
2016-05-02,2016-04-29,504,0,1,,ADT-201604,,ADT
2016-05-03,2016-05-02,505,1,0,AYI,,AYI,
2016-05-12,2016-05-11,504,0,1,,SNDK-201605,,SNDK
2016-05-13,2016-05-12,505,1,0,ALK,,ALK,
2016-05-18,2016-05-17,505,1,1,DLR,TWC-201605,DLR,TWC
2016-05-23,2016-05-20,505,1,1,LKQ,ARG-201605,LKQ,ARG
2016-05-31,2016-05-27,505,1,1,AJG,CCEP,AJG,CCEP
2016-06-03,2016-06-02,505,1,1,TDG,BXLT-201606,TDG,BXLT
2016-06-21,2016-06-20,504,0,1,,CVC-201606,,CVC
2016-06-24,2016-06-23,505,1,0,FBIN,,FBIN,
2016-07-01,2016-06-30,504,2,3,ALB;LNT,CPGX-201606;GAS-201606;TE-201606,ALB;LNT,CPGX;GAS;TE
2016-07-05,2016-07-01,505,1,0,FTV,,FTV,
2016-09-06,2016-09-02,505,1,1,MTD,JCI-201609,MTD,JCI
2016-09-07,2016-09-06,504,0,1,,EMC-201609,,EMC
2016-09-08,2016-09-07,505,1,0,CHTR,,CHTR,
2016-09-23,2016-09-22,505,1,1,COO,HOT-201609,COO,HOT
2016-10-03,2016-09-30,505,1,1,COTY,DOFSQ-202104,COTY,DOFSQ
2016-12-02,2016-12-01,505,2,2,EVHC-201810;MAA,LM-202007;OI,EVHC;MAA,LM;OI
2017-01-05,2017-01-04,505,1,1,IDXX,STJ-201701,IDXX,STJ
2017-01-17,2017-01-13,505,1,1,FTI,FTI-201701,FTI,FTI
2017-02-27,2017-02-24,504,0,1,,SE-201702,,SE
2017-02-28,2017-02-27,505,1,0,INCY,,INCY,
2017-03-01,2017-02-28,505,1,1,CBOE,PBI,CBOE,PBI
2017-03-02,2017-03-01,505,1,1,REG,ENDPQ-202405,REG,ENDPQ
2017-03-13,2017-03-10,504,1,2,DISH-202312,HAR-201703;LLTC-201703,DISH,HAR;LLTC
2017-03-16,2017-03-15,505,1,0,SNPS,,SNPS,
2017-03-20,2017-03-17,505,3,3,AMD;ARE;RJF,FSLR;FTRCQ-202104;URBN,AMD;ARE;RJF,FSLR;FTRCQ;URBN
2017-04-04,2017-04-03,505,1,1,DXC,SWN-202409,DXC,SWN
2017-04-05,2017-04-04,505,1,1,IT,DNB-201902,IT,DNB
2017-06-02,2017-06-01,505,1,1,INFO-202202,TGNA-202603,INFO,TGNA
2017-06-15,2017-06-14,504,0,1,,MJN-201706,,MJN
2017-06-19,2017-06-16,505,4,3,ALGN;ANSS-202507;EG;HLT,AABA-201910;R;TDC,ALGN;ANSS;EG;HLT,AABA;R;TDC
2017-07-25,2017-07-24,504,0,1,,RAI-201707,,RAI
2017-07-26,2017-07-25,505,5,4,AOS;DRE-202209;MGM;PKG;RMD,BBBYQ-202309;MNKKQ-202206;MUR;RIG,AOS;DRE;MGM;PKG;RMD,BBBYQ;MNKKQ;MUR;RIG
2017-08-07,2017-08-04,506,1,0,BHF,,BHF,
2017-08-08,2017-08-07,505,0,1,,AN,,AN
2017-08-28,2017-08-25,504,0,1,,WFM-201708,,WFM
2017-08-29,2017-08-28,505,1,0,IQV,,IQV,
2017-09-01,2017-08-31,505,2,2,DD;SBAC,DD-201708;DOW-201708,DD;SBAC,DD;DOW
2017-09-13,2017-09-12,504,0,1,,SPLS-201709,,SPLS
2017-09-18,2017-09-15,505,1,0,CDNS,,CDNS,
2017-10-13,2017-10-12,505,1,1,NCLH,LVLT-201710,NCLH,LVLT
2017-12-29,2017-12-28,504,0,1,,BCR-201712,,BCR
2018-01-03,2018-01-02,505,1,0,HII,,HII,
2018-03-07,2018-03-06,505,1,1,IPGP,SNI-201803,IPGP,SNI
2018-03-19,2018-03-16,505,3,3,NKTR;SIVBQ-202411;TTWO,CHKAQ-202102;PDCO-202504;SIG,NKTR;SIVBQ;TTWO,CHKAQ;PDCO;SIG
2018-04-04,2018-04-03,505,1,1,MSCI,CSRA-201804,MSCI,CSRA
2018-05-31,2018-05-30,505,1,1,ABMD-202212,TNL,ABMD,TNL
2018-06-05,2018-06-04,505,1,1,EVRG,NAVI,EVRG,NAVI
2018-06-07,2018-06-06,505,1,1,TWTR-202210,MON-201806,TWTR,MON
2018-06-15,2018-06-14,504,0,1,,TWX-201806,,TWX
2018-06-18,2018-06-15,504,2,2,BR;DINO,AYI;RRC,BR;DINO,AYI;RRC
2018-06-20,2018-06-19,505,1,0,CPAY,,CPAY,
2018-07-02,2018-06-29,505,1,1,CPRT,KDP,CPRT,KDP
2018-08-28,2018-08-27,505,1,1,ANET,GGP-201808,ANET,GGP
2018-09-12,2018-09-11,504,0,1,,XL-201809,,XL
2018-09-17,2018-09-14,505,1,0,WCG-202001,,WCG,
2018-10-01,2018-09-28,505,1,1,ROL,ANDV-201809,ROL,ANDV
2018-10-11,2018-10-10,505,1,1,FTNT,EVHC-201810,FTNT,EVHC
2018-10-31,2018-10-30,505,1,1,LIN,PX-201810,LIN,PX
2018-11-05,2018-11-02,504,0,1,,CA-201811,,CA
2018-11-06,2018-11-05,505,1,0,KEYS,,KEYS,
2018-11-13,2018-11-12,505,1,1,JKHY,EQT,JKHY,EQT
2018-11-27,2018-11-26,504,0,1,,COL-201811,,COL
2018-11-29,2018-11-28,503,0,1,,AET-201811,,AET
2018-12-03,2018-11-30,505,3,1,FANG;LW;MXIM-202108,SRCL-202411,FANG;LW;MXIM,SRCL
2018-12-21,2018-12-20,504,0,1,,ESRX-201812,,ESRX
2018-12-24,2018-12-21,505,1,0,CE,,CE,
2019-01-02,2018-12-31,505,1,1,FRCB,SCG-201812,FRCB,SCG
2019-01-18,2019-01-17,505,1,1,TFX,PCG,TFX,PCG
2019-02-14,2019-02-13,504,0,1,,NFX-201902,,NFX
2019-02-15,2019-02-14,505,1,0,ATO,,ATO,
2019-02-27,2019-02-26,505,1,1,WAB,GT,WAB,GT
2019-03-19,2019-03-18,507,2,0,FOX;FOXA,,FOX;FOXA,
2019-03-20,2019-03-19,505,0,2,,TFCF-201903;TFCFA-201903,,TFCF;TFCFA
2019-04-02,2019-04-01,506,1,0,DOW,,DOW,
2019-04-03,2019-04-02,505,0,1,,BHF,,BHF
2019-06-03,2019-05-31,506,1,0,CTVA,,CTVA,
2019-06-04,2019-06-03,505,0,1,,FLR,,FLR
2019-06-07,2019-06-06,504,0,1,,MAT,,MAT
2019-06-11,2019-06-10,505,1,0,AMCR,,AMCR,
2019-07-01,2019-06-28,505,1,1,MKTX,LLL-201906,MKTX,LLL
2019-07-09,2019-07-08,504,0,1,,RHT-201907,,RHT
2019-07-15,2019-07-12,505,1,0,TMUS,,TMUS,
2019-08-09,2019-08-08,505,2,2,IEX;LDOS,APC-201908;FL-202509,IEX;LDOS,APC;FL
2019-09-18,2019-09-17,504,0,1,,TSS-201909,,TSS
2019-09-23,2019-09-20,505,1,0,CDW,,CDW,
2019-09-26,2019-09-25,505,1,1,NVR,JEF,NVR,JEF
2019-10-03,2019-10-02,505,1,1,LVS,NKTR,LVS,NKTR
2019-11-21,2019-11-20,505,1,1,NOW,CELG-201911,NOW,CELG
2019-12-05,2019-12-04,505,1,1,WRB,VIAB-201912,WRB,VIAB
2019-12-09,2019-12-06,505,1,1,ODFL,STI-201912,ODFL,STI
2019-12-23,2019-12-20,505,3,3,LYV;STE;ZBRA,AMG;MAC;TRIP,LYV;STE;ZBRA,AMG;MAC;TRIP
2020-01-24,2020-01-23,504,0,1,,WCG-202001,,WCG
2020-01-28,2020-01-27,505,1,0,PAYC,,PAYC,
2020-03-03,2020-03-02,505,1,1,IR,XEC-202109,IR,XEC
2020-04-03,2020-04-02,506,2,1,CARR;OTIS,RTN-202004,CARR;OTIS,RTN
2020-04-06,2020-04-03,505,0,1,,M,,M
2020-05-11,2020-05-08,504,0,1,,AGN-202005,,AGN
2020-05-12,2020-05-11,505,2,1,DPZ;DXCM,CPRI,DPZ;DXCM,CPRI
2020-05-22,2020-05-21,505,1,1,WST,HP,WST,HP
2020-06-22,2020-06-19,505,3,3,BIO;TDY;TYL,BFH;HOG;JWN-202505,BIO;TDY;TYL,BFH;HOG;JWN
2020-09-21,2020-09-18,505,3,3,CTLT-202412;ETSY;TER,COTY;HRB;KSS,CTLT;ETSY;TER,COTY;HRB;KSS
2020-10-02,2020-10-01,504,0,1,,ETFC-202010,,ETFC
2020-10-05,2020-10-02,503,0,1,,NBL-202010,,NBL
2020-10-07,2020-10-06,504,1,0,POOL,,POOL,
2020-10-09,2020-10-08,505,1,0,VNT,,VNT,
2020-12-21,2020-12-18,505,1,1,TSLA,AIV,TSLA,AIV
2021-01-07,2021-01-06,505,1,1,ENPH,TIF-202101,ENPH,TIF
2021-01-19,2021-01-15,504,0,1,,CXO-202101,,CXO
2021-01-21,2021-01-20,505,1,0,TRMB,,TRMB,
2021-02-12,2021-02-11,505,1,1,MPWR,FTI,MPWR,FTI
2021-03-22,2021-03-19,505,4,4,CZR;GNRC;NXPI;PENN,FLS;SLG;VNT;XRX,CZR;GNRC;NXPI;PENN,FLS;SLG;VNT;XRX
2021-04-15,2021-04-14,504,0,1,,VAR-202104,,VAR
2021-04-20,2021-04-19,505,1,0,PTC,,PTC,
2021-05-14,2021-05-13,505,1,1,CRL,FLIR-202105,CRL,FLIR
2021-06-03,2021-06-02,506,1,0,OGN,,OGN,
2021-06-04,2021-06-03,505,0,1,,DINO,,DINO
2021-07-21,2021-07-20,505,1,1,MRNA,ALXN-202107,MRNA,ALXN
2021-08-26,2021-08-25,504,0,1,,MXIM-202108,,MXIM
2021-08-30,2021-08-27,505,1,0,TECH,,TECH,
2021-09-20,2021-09-17,505,3,3,BRO;DAY-202602;MTCH,NOV;PRGO;UNM,BRO;DAY;MTCH,NOV;PRGO;UNM
2021-12-14,2021-12-13,505,1,1,EPAM,KSU-202112,EPAM,KSU
2021-12-20,2021-12-17,505,3,3,FDS;SBNY;SEDG,HBI-202511;LEG;WU,FDS;SBNY;SEDG,HBI;LEG;WU
2022-02-02,2022-02-01,506,1,0,CEG,,CEG,
2022-02-03,2022-02-02,505,0,1,,GAP,,GAP
2022-02-14,2022-02-11,504,0,1,,XLNX-202202,,XLNX
2022-02-15,2022-02-14,505,1,0,NDSN,,NDSN,
2022-02-28,2022-02-25,504,0,1,,INFO-202202,,INFO
2022-03-02,2022-03-01,505,1,0,MOH,,MOH,
2022-04-04,2022-04-01,505,1,1,CPT,PBCT-202204,CPT,PBCT
2022-04-11,2022-04-08,504,0,1,,DISCK-202204,,DISCK
2022-06-08,2022-06-07,504,1,1,VICI,CERN-202206,VICI,CERN
2022-06-21,2022-06-17,503,2,3,KDP;ON,IPGP;UA;UAA,KDP;ON,IPGP;UA;UAA
2022-09-19,2022-09-16,503,2,2,CSGP;INVH,PENN;PVH,CSGP;INVH,PENN;PVH
2022-09-30,2022-09-29,502,0,1,,CTXS-202209,,CTXS
2022-10-03,2022-09-30,503,2,1,EQT;PCG,DRE-202209,EQT;PCG,DRE
2022-10-12,2022-10-11,503,1,1,TRGP,NLSN-202210,TRGP,NLSN
2022-10-28,2022-10-27,502,0,1,,TWTR-202210,,TWTR
2022-11-01,2022-10-31,503,1,0,ACGL,,ACGL,
2022-12-19,2022-12-16,503,1,1,FSLR,FBIN,FSLR,FBIN
2022-12-22,2022-12-21,503,1,1,STLD,ABMD-202212,STLD,ABMD
2023-01-04,2023-01-03,504,1,0,GEHC,,GEHC,
2023-01-05,2023-01-04,503,0,1,,VNO,,VNO
2023-03-10,2023-03-09,502,0,1,,SIVBQ-202411,,SIVBQ
2023-03-13,2023-03-10,501,0,1,,SBNY,,SBNY
2023-03-15,2023-03-14,503,2,0,BG;PODD,,BG;PODD,
2023-03-20,2023-03-17,503,1,1,FICO,LUMN,FICO,LUMN
2023-05-04,2023-05-03,503,1,1,AXON,FRCB,AXON,FRCB
2023-06-20,2023-06-16,503,1,1,PANW,DISH-202312,PANW,DISH
2023-08-25,2023-08-24,503,1,1,KVUE,AAP,KVUE,AAP
2023-09-18,2023-09-15,503,2,2,ABNB;BX,LNC;NWL,ABNB;BX,LNC;NWL
2023-10-02,2023-09-29,504,1,0,VLTO,,VLTO,
2023-10-03,2023-10-02,503,0,1,,DXC,,DXC
2023-10-13,2023-10-12,502,0,1,,ATVI-202310,,ATVI
2023-10-18,2023-10-17,503,2,1,HUBB;LULU,OGN,HUBB;LULU,OGN
2023-12-18,2023-12-15,503,3,3,BLDR;JBL;UBER,ALK;SEDG;SEE-202604,BLDR;JBL;UBER,ALK;SEDG;SEE
2024-03-18,2024-03-15,503,2,2,DECK;SMCI,WHR;ZION,DECK;SMCI,WHR;ZION
2024-04-01,2024-03-28,504,1,0,SOLV,,SOLV,
2024-04-02,2024-04-01,505,1,0,GEV,,GEV,
2024-04-03,2024-04-02,503,0,2,,VFC;XRAY,,VFC;XRAY
2024-05-03,2024-05-02,502,0,1,,PXD-202405,,PXD
2024-05-08,2024-05-07,503,1,0,VST,,VST,
2024-06-24,2024-06-21,503,3,3,CRWD;GDDY;KKR,CMA-202601;ILMN;RHI,CRWD;GDDY;KKR,CMA;ILMN;RHI
2024-07-08,2024-07-05,503,1,1,SW,WRK-202407,SW,WRK
2024-09-23,2024-09-20,503,3,3,DELL;ERIE;PLTR,AAL;BIO;ETSY,DELL;ERIE;PLTR,AAL;BIO;ETSY
2024-09-30,2024-09-27,504,1,0,AMTM,,AMTM,
2024-10-01,2024-09-30,503,0,1,,BBWI,,BBWI
2024-11-22,2024-11-21,502,0,1,,MRO-202411,,MRO
2024-11-26,2024-11-25,503,1,0,TPL,,TPL,
2024-12-18,2024-12-17,502,0,1,,CTLT-202412,,CTLT
2024-12-23,2024-12-20,503,3,2,APO;LII;WDAY,AMTM;QRVO,APO;LII;WDAY,AMTM;QRVO
2025-03-24,2025-03-21,503,4,4,DASH;EXE;TKO;WSM,BWA;CE;FMC;TFX,DASH;EXE;TKO;WSM,BWA;CE;FMC;TFX
2025-05-19,2025-05-16,503,1,1,COIN,DFS-202505,COIN,DFS
2025-07-02,2025-07-01,502,0,1,,JNPR-202507,,JNPR
2025-07-09,2025-07-08,503,1,0,DDOG,,DDOG,
2025-07-17,2025-07-16,502,0,1,,ANSS-202507,,ANSS
2025-07-18,2025-07-17,502,1,1,TTD,HES-202507,TTD,HES
2025-07-23,2025-07-22,503,1,0,XYZ,,XYZ,
2025-08-28,2025-08-27,503,1,1,IBKR,WBA-202508,IBKR,WBA
2025-09-22,2025-09-19,503,3,3,APP;EME;HOOD,CZR;ENPH;MKTX,APP;EME;HOOD,CZR;ENPH;MKTX
2025-10-30,2025-10-29,504,1,0,SOLS,,SOLS,
2025-10-31,2025-10-30,503,0,1,,KMX,,KMX
2025-11-03,2025-10-31,504,1,0,Q,,Q,
2025-11-04,2025-11-03,503,0,1,,EMN,,EMN
2025-11-28,2025-11-26,503,1,1,SNDK,IPG-202511,SNDK,IPG
2025-12-11,2025-12-10,503,1,1,ARES,K-202512,ARES,K
2025-12-22,2025-12-19,503,3,3,CRH;CVNA;FIX,LKQ;MHK;SOLS,CRH;CVNA;FIX,LKQ;MHK;SOLS
2026-02-04,2026-02-03,502,0,1,,DAY-202602,,DAY
2026-02-09,2026-02-06,503,1,0,CIEN,,CIEN,
2026-03-23,2026-03-20,503,4,4,COHR;ECHO;LITE;VRT,LW;MOH;MTCH;PAYC,COHR;ECHO;LITE;VRT,LW;MOH;MTCH;PAYC
2026-04-07,2026-04-06,502,0,1,,HOLX-202604,,HOLX
2026-04-09,2026-04-08,503,1,0,CASY,,CASY,
2026-05-07,2026-05-06,503,1,1,VEEV,CTRA-202605,VEEV,CTRA
2026-06-02,2026-06-01,503,1,1,FDXF,EPAM,FDXF,EPAM
2026-06-22,2026-06-18,503,2,2,FLEX;MRVL,CPB;POOL,FLEX;MRVL,CPB;POOL
2026-06-29,2026-06-26,504,1,0,HONA,,HONA,
2026-06-30,2026-06-29,503,0,1,,CAG,,CAG
