as_of_date,symbol,company_name,identifier,sedol,weight_pct,shares_held,local_currency,vendor_instrument_id,vendor_price_available,link_method
2026-08-18,A,AGILENT TECHNOLOGIES INC,00846U101,2520153,0.063389,3494501,USD,A,true,exact_ticker_adjacent_snapshot
2026-08-18,AAPL,APPLE INC,037833100,2046251,6.873464,181423328,USD,AAPL,true,exact_ticker_adjacent_snapshot
2026-08-18,ABBV,ABBVIE INC,00287Y109,B92SR70,0.690336,21818062,USD,ABBV,true,exact_ticker_adjacent_snapshot
2026-08-18,ABNB,AIRBNB INC CLASS A,009066101,BMGYYH4,0.115713,5167236,USD,ABNB,true,exact_ticker_adjacent_snapshot
2026-08-18,ABT,ABBOTT LABORATORIES,002824100,2002305,0.296171,21508833,USD,ABT,true,exact_ticker_adjacent_snapshot
2026-08-18,ACGL,ARCH CAPITAL GROUP LTD,G0450A105,2740542,0.052008,4302821,USD,ACGL,true,exact_ticker_adjacent_snapshot
2026-08-18,ACN,ACCENTURE PLC CL A,G1151C101,B4BNMY3,0.160067,7574477,USD,ACN,true,exact_ticker_adjacent_snapshot
2026-08-18,ADBE,ADOBE INC,00724F101,2008154,0.160699,4997437,USD,ADBE,true,exact_ticker_adjacent_snapshot
2026-08-18,ADI,ANALOG DEVICES INC,032654105,2032067,0.277465,6028583,USD,ADI,true,exact_ticker_adjacent_snapshot
2026-08-18,ADM,ARCHER DANIELS MIDLAND CO,039483102,2047317,0.059657,5958542,USD,ADM,true,exact_ticker_adjacent_snapshot
2026-08-18,ADP,AUTOMATIC DATA PROCESSING,053015103,2065308,0.162306,4931774,USD,ADP,true,exact_ticker_adjacent_snapshot
2026-08-18,ADSK,AUTODESK INC,052769106,2065159,0.078723,2610339,USD,ADSK,true,exact_ticker_adjacent_snapshot
2026-08-18,AEE,AMEREN CORPORATION,023608102,2050832,0.045844,3420682,USD,AEE,true,exact_ticker_adjacent_snapshot
2026-08-18,AEP,AMERICAN ELECTRIC POWER,025537101,2026242,0.10387,6727216,USD,AEP,true,exact_ticker_adjacent_snapshot
2026-08-18,AES,AES CORP,00130H105,2002479,0.015883,8817446,USD,AES,true,exact_ticker_adjacent_snapshot
2026-08-18,AFL,AFLAC INC,001055102,2026361,0.083826,5663472,USD,AFL,true,exact_ticker_adjacent_snapshot
2026-08-18,AIG,AMERICAN INTERNATIONAL GROUP,026874784,2027342,0.060978,6555376,USD,AIG,true,exact_ticker_adjacent_snapshot
2026-08-18,AIZ,ASSURANT INC,04621X108,2331430,0.020979,612963,USD,AIZ,true,exact_ticker_adjacent_snapshot
2026-08-18,AJG,ARTHUR J GALLAGHER + CO,363576109,2359506,0.096409,3176568,USD,AJG,true,exact_ticker_adjacent_snapshot
2026-08-18,AKAM,AKAMAI TECHNOLOGIES INC,00971T101,2507457,0.025303,1797363,USD,AKAM,true,exact_ticker_adjacent_snapshot
2026-08-18,ALB,ALBEMARLE CORP,012653101,2046853,0.023614,1456091,USD,ALB,true,exact_ticker_adjacent_snapshot
2026-08-18,ALGN,ALIGN TECHNOLOGY INC,016255101,2679204,0.016722,814975,USD,ALGN,true,exact_ticker_adjacent_snapshot
2026-08-18,ALL,ALLSTATE CORP,020002101,2019952,0.101568,3182649,USD,ALL,true,exact_ticker_adjacent_snapshot
2026-08-18,ALLE,ALLEGION PLC,G0176J109,BFRT3W7,0.020523,1050759,USD,ALLE,true,exact_ticker_adjacent_snapshot
2026-08-18,AMAT,APPLIED MATERIALS INC,038222105,2046552,0.616182,9803657,USD,AMAT,true,exact_ticker_adjacent_snapshot
2026-08-18,AMCR,AMCOR PLC,G0250X149,BV7DQ55,0.031816,5677190,USD,AMCR,true,exact_ticker_adjacent_snapshot
2026-08-18,AMD,ADVANCED MICRO DEVICES,007903107,2007849,1.192107,20139157,USD,AMD,true,exact_ticker_adjacent_snapshot
2026-08-18,AME,AMETEK INC,031100100,2089212,0.086582,2834173,USD,AME,true,exact_ticker_adjacent_snapshot
2026-08-18,AMGN,AMGEN INC,031162100,2023607,0.346465,6666622,USD,AMGN,true,exact_ticker_adjacent_snapshot
2026-08-18,AMP,AMERIPRISE FINANCIAL INC,03076C106,B0J7D57,0.076346,1111420,USD,AMP,true,exact_ticker_adjacent_snapshot
2026-08-18,AMT,AMERICAN TOWER CORP,03027X100,B7FBFL2,0.121311,5760519,USD,AMT,true,exact_ticker_adjacent_snapshot
2026-08-18,AMZN,AMAZON.COM INC,023135106,2000019,3.833623,120914088,USD,AMZN,true,exact_ticker_adjacent_snapshot
2026-08-18,ANET,ARISTA NETWORKS INC,040413205,BL9XPM3,0.301013,12750990,USD,ANET,true,exact_ticker_adjacent_snapshot
2026-08-18,AON,AON PLC CLASS A,G0403H108,BLP1HW5,0.110762,2640975,USD,AON,true,exact_ticker_adjacent_snapshot
2026-08-18,AOS,SMITH (A.O.) CORP,831865209,2816023,0.010292,1383910,USD,AOS,true,exact_ticker_adjacent_snapshot
2026-08-18,APA,APA CORP,03743Q108,BNNF1C1,0.022627,4370560,USD,APA,true,exact_ticker_adjacent_snapshot
2026-08-18,APD,AIR PRODUCTS + CHEMICALS INC,009158106,2011602,0.102058,2754204,USD,APD,true,exact_ticker_adjacent_snapshot
2026-08-18,APH,AMPHENOL CORP CL A,032095101,2145084,0.296247,15192338,USD,APH,true,exact_ticker_adjacent_snapshot
2026-08-18,APO,APOLLO GLOBAL MANAGEMENT INC,03769M106,BN44JF6,0.09288,5702339,USD,APO,true,exact_ticker_adjacent_snapshot
2026-08-18,APP,APPLOVIN CORP CLASS A,03831W108,BMV3LG4,0.124909,3326665,USD,APP,true,exact_ticker_adjacent_snapshot
2026-08-18,APTV,APTIV PLC,G3265R107,BTDN8H1,0.015559,2619863,USD,APTV,true,exact_ticker_adjacent_snapshot
2026-08-18,ARE,ALEXANDRIA REAL ESTATE EQUIT,015271109,2009210,0.010824,1932238,USD,ARE,true,exact_ticker_adjacent_snapshot
2026-08-18,ARES,ARES MANAGEMENT CORP   A,03990B101,BF14BT1,0.044712,2607698,USD,ARES,true,exact_ticker_adjacent_snapshot
2026-08-18,ATO,ATMOS ENERGY CORP,049560105,2315359,0.04278,2053117,USD,ATO,true,exact_ticker_adjacent_snapshot
2026-08-18,AVGO,BROADCOM INC,11135F101,BDZ78H9,2.715707,58481769,USD,AVGO,true,exact_ticker_adjacent_snapshot
2026-08-18,AVY,AVERY DENNISON CORP,053611109,2066408,0.020531,945423,USD,AVY,true,exact_ticker_adjacent_snapshot
2026-08-18,AWK,AMERICAN WATER WORKS CO INC,030420103,B2R3PV1,0.040204,2414305,USD,AWK,true,exact_ticker_adjacent_snapshot
2026-08-18,AXON,AXON ENTERPRISE INC,05464C101,BDT5S35,0.07551,996875,USD,AXON,true,exact_ticker_adjacent_snapshot
2026-08-18,AXP,AMERICAN EXPRESS CO,025816109,2026082,0.271859,6571748,USD,AXP,true,exact_ticker_adjacent_snapshot
2026-08-18,AZO,AUTOZONE INC,053332102,2065955,0.076512,203731,USD,AZO,true,exact_ticker_adjacent_snapshot
2026-08-18,BA,BOEING CO/THE,097023105,2108601,0.265337,9734138,USD,BA,true,exact_ticker_adjacent_snapshot
2026-08-18,BAC,BANK OF AMERICA CORP,060505104,2295677,0.632819,80623671,USD,BAC,true,exact_ticker_adjacent_snapshot
2026-08-18,BALL,BALL CORP,058498106,2073022,0.024807,3291649,USD,BALL,true,exact_ticker_adjacent_snapshot
2026-08-18,BAX,BAXTER INTERNATIONAL INC,071813109,2085102,0.020334,6414746,USD,BAX,true,exact_ticker_adjacent_snapshot
2026-08-18,BBY,BEST BUY CO INC,086516101,2094670,0.025925,2430977,USD,BBY,true,exact_ticker_adjacent_snapshot
2026-08-18,BDX,BECTON DICKINSON AND CO,075887109,2087807,0.075266,3407189,USD,BDX,true,exact_ticker_adjacent_snapshot
2026-08-18,BEN,FRANKLIN TEMPLETON INC,354613101,2350684,0.015747,3791081,USD,BEN,true,exact_ticker_adjacent_snapshot
2026-08-18,BF.B,BROWN FORMAN CORP CLASS B,115637209,2146838,0.006908,2081959,USD,BF.B,true,exact_ticker_adjacent_snapshot
2026-08-18,BG,BUNGE GLOBAL SA,H11356104,BQ6BPG9,0.023541,1684495,USD,BG,true,exact_ticker_adjacent_snapshot
2026-08-18,BIIB,BIOGEN INC,09062X103,2455965,0.047482,1828040,USD,BIIB,true,exact_ticker_adjacent_snapshot
2026-08-18,BKNG,BOOKING HOLDINGS INC,09857L108,BDRXDB4,0.243482,9567605,USD,BKNG,true,exact_ticker_adjacent_snapshot
2026-08-18,BKR,BAKER HUGHES CO,05722G100,BDHLTQ5,0.096608,12268154,USD,BKR,true,exact_ticker_adjacent_snapshot
2026-08-18,BLDR,BUILDERS FIRSTSOURCE INC,12008R107,B0BV2M7,0.010987,1329584,USD,BLDR,true,exact_ticker_adjacent_snapshot
2026-08-18,BLK,BLACKROCK INC,09290D101,BMZBBT7,0.251466,1782640,USD,BLK,true,exact_ticker_adjacent_snapshot
2026-08-18,BMY,BRISTOL MYERS SQUIBB CO,110122108,2126335,0.203395,25199370,USD,BMY,true,exact_ticker_adjacent_snapshot
2026-08-18,BNY,BANK OF NEW YORK MELLON CORP,064058100,B1Z77F6,0.169647,8468567,USD,BNY,true,exact_ticker_adjacent_snapshot
2026-08-18,BR,BROADRIDGE FINANCIAL SOLUTIO,11133T103,B1VP7R6,0.029682,1429976,USD,BR,true,exact_ticker_adjacent_snapshot
2026-08-18,BRK.B,BERKSHIRE HATHAWAY INC CL B,084670702,2073390,1.391723,22643343,USD,BRK.B,true,exact_ticker_adjacent_snapshot
2026-08-18,BRO,BROWN + BROWN INC,115236101,2692687,0.030553,3604180,USD,BRO,true,exact_ticker_adjacent_snapshot
2026-08-18,BSX,BOSTON SCIENTIFIC CORP,101137107,2113434,0.113344,18377442,USD,BSX,true,exact_ticker_adjacent_snapshot
2026-08-18,BX,BLACKSTONE INC,09260D107,BKF2SL7,0.157461,9165172,USD,BX,true,exact_ticker_adjacent_snapshot
2026-08-18,BXP,BXP INC,101121101,2019479,0.014781,1827436,USD,BXP,true,exact_ticker_adjacent_snapshot
2026-08-18,C,CITIGROUP INC,172967424,2297907,0.354199,21056782,USD,C,true,exact_ticker_adjacent_snapshot
2026-08-18,CAH,CARDINAL HEALTH INC,14149Y108,2175672,0.083162,2896114,USD,CAH,true,exact_ticker_adjacent_snapshot
2026-08-18,CARR,CARRIER GLOBAL CORP,14448C104,BK4N0D7,0.072452,9652922,USD,CARR,true,exact_ticker_adjacent_snapshot
2026-08-18,CASY,CASEY S GENERAL STORES INC,147528103,2179414,0.047803,457517,USD,CASY,true,exact_ticker_adjacent_snapshot
2026-08-18,CAT,CATERPILLAR INC,149123101,2180201,0.584445,5687695,USD,CAT,true,exact_ticker_adjacent_snapshot
2026-08-18,CB,CHUBB LTD,H1467J104,B3BQMF6,0.18781,4450972,USD,CB,true,exact_ticker_adjacent_snapshot
2026-08-18,CBOE,CBOE GLOBAL MARKETS INC,12503M108,B5834C5,0.046106,1296591,USD,CBOE,true,exact_ticker_adjacent_snapshot
2026-08-18,CBRE,CBRE GROUP INC   A,12504L109,B6WVMH3,0.065175,3620760,USD,CBRE,true,exact_ticker_adjacent_snapshot
2026-08-18,CCI,CROWN CASTLE INC,22822V101,BTGQCX1,0.048903,5405710,USD,CCI,true,exact_ticker_adjacent_snapshot
2026-08-18,CCL,CARNIVAL CORP LTD,G2004J103,BVV7RC7,0.052823,15851044,USD,CCL,true,exact_ticker_adjacent_snapshot
2026-08-18,CDNS,CADENCE DESIGN SYS INC,127387108,2302232,0.131915,3410460,USD,CDNS,true,exact_ticker_adjacent_snapshot
2026-08-18,CDW,CDW CORP/DE,12514G108,BBM5MD6,0.026052,1579528,USD,CDW,true,exact_ticker_adjacent_snapshot
2026-08-18,CEG,CONSTELLATION ENERGY,21037T109,BMH4FS1,0.128876,3952383,USD,CEG,true,exact_ticker_adjacent_snapshot
2026-08-18,CF,CF INDUSTRIES HOLDINGS INC,125269100,B0G4K50,0.02779,1899513,USD,CF,true,exact_ticker_adjacent_snapshot
2026-08-18,CFG,CITIZENS FINANCIAL GROUP,174610105,BQRX1X3,0.046937,5228573,USD,CFG,true,exact_ticker_adjacent_snapshot
2026-08-18,CHD,CHURCH + DWIGHT CO INC,171340102,2195841,0.035398,2922138,USD,CHD,true,exact_ticker_adjacent_snapshot
2026-08-18,CHRW,C.H. ROBINSON WORLDWIDE INC,12541W209,2116228,0.025761,1457127,USD,CHRW,true,exact_ticker_adjacent_snapshot
2026-08-18,CHTR,CHARTER COMMUNICATIONS INC A,16119P108,BZ6VT82,0.018737,1033568,USD,CHTR,true,exact_ticker_adjacent_snapshot
2026-08-18,CI,THE CIGNA GROUP,125523100,BHJ0775,0.111305,3270476,USD,CI,true,exact_ticker_adjacent_snapshot
2026-08-18,CIEN,CIENA CORP,171779309,B1FLZ21,0.08645,1744416,USD,CIEN,true,exact_ticker_adjacent_snapshot
2026-08-18,CINF,CINCINNATI FINANCIAL CORP,172062101,2196888,0.040057,1912979,USD,CINF,true,exact_ticker_adjacent_snapshot
2026-08-18,CL,COLGATE PALMOLIVE CO,194162103,2209106,0.110581,9893942,USD,CL,true,exact_ticker_adjacent_snapshot
2026-08-18,CLX,CLOROX COMPANY,189054109,2204026,0.019387,1503035,USD,CLX,true,exact_ticker_adjacent_snapshot
2026-08-18,CMCSA,COMCAST CORP CLASS A,20030N101,2044545,0.141039,44051416,USD,CMCSA,true,exact_ticker_adjacent_snapshot
2026-08-18,CME,CME GROUP INC,12572Q105,2965839,0.148669,4480320,USD,CME,true,exact_ticker_adjacent_snapshot
2026-08-18,CMG,CHIPOTLE MEXICAN GRILL INC,169656105,B0X7DZ3,0.064655,15859800,USD,CMG,true,exact_ticker_adjacent_snapshot
2026-08-18,CMI,CUMMINS INC,231021106,2240202,0.129437,1706170,USD,CMI,true,exact_ticker_adjacent_snapshot
2026-08-18,CMS,CMS ENERGY CORP,125896100,2219224,0.033017,3802151,USD,CMS,true,exact_ticker_adjacent_snapshot
2026-08-18,CNC,CENTENE CORP,15135B101,2807061,0.046165,5792278,USD,CNC,true,exact_ticker_adjacent_snapshot
2026-08-18,CNP,CENTERPOINT ENERGY INC,15189T107,2440637,0.040055,8085354,USD,CNP,true,exact_ticker_adjacent_snapshot
2026-08-18,COF,CAPITAL ONE FINANCIAL CORP,14040H105,2654461,0.207912,7682217,USD,COF,true,exact_ticker_adjacent_snapshot
2026-08-18,COHR,COHERENT CORP,19247G107,BNG8Z81,0.090566,2418549,USD,COHR,true,exact_ticker_adjacent_snapshot
2026-08-18,COIN,COINBASE GLOBAL INC  CLASS A,19260Q107,BMC9P69,0.049145,2750223,USD,COIN,true,exact_ticker_adjacent_snapshot
2026-08-18,COO,COOPER COS INC/THE,216648501,BQPDXR3,0.022329,2411872,USD,COO,true,exact_ticker_adjacent_snapshot
2026-08-18,COP,CONOCOPHILLIPS,20825C104,2685717,0.23844,15041587,USD,COP,true,exact_ticker_adjacent_snapshot
2026-08-18,COR,CENCORA INC,03073E105,2795393,0.092944,2405896,USD,COR,true,exact_ticker_adjacent_snapshot
2026-08-18,COST,COSTCO WHOLESALE CORP,22160K105,2701271,0.643625,5478634,USD,COST,true,exact_ticker_adjacent_snapshot
2026-08-18,CPAY,CORPAY INC,219948106,BMX5GK7,0.040184,808291,USD,CPAY,true,exact_ticker_adjacent_snapshot
2026-08-18,CPRT,COPART INC,217204106,2208073,0.042195,10958134,USD,CPRT,true,exact_ticker_adjacent_snapshot
2026-08-18,CPT,CAMDEN PROPERTY TRUST,133131102,2166320,0.01629,1242573,USD,CPT,true,exact_ticker_adjacent_snapshot
2026-08-18,CRH,CRH PLC,G25508105,B01ZKD6,0.094144,8261610,USD,CRH,true,exact_ticker_adjacent_snapshot
2026-08-18,CRL,CHARLES RIVER LABORATORIES,159864107,2604336,0.020321,595606,USD,CRL,true,exact_ticker_adjacent_snapshot
2026-08-18,CRM,SALESFORCE INC,79466L302,2310525,0.242096,10100504,USD,CRM,true,exact_ticker_adjacent_snapshot
2026-08-18,CRWD,CROWDSTRIKE HOLDINGS INC   A,22788C105,BJJP138,0.327168,12574048,USD,CRWD,true,exact_ticker_adjacent_snapshot
2026-08-18,CSCO,CISCO SYSTEMS INC,17275R102,2198163,0.665272,48777231,USD,CSCO,true,exact_ticker_adjacent_snapshot
2026-08-18,CSGP,COSTAR GROUP INC,22160N109,2262864,0.019363,5049367,USD,CSGP,true,exact_ticker_adjacent_snapshot
2026-08-18,CSX,CSX CORP,126408103,2160753,0.141053,22974857,USD,CSX,true,exact_ticker_adjacent_snapshot
2026-08-18,CTAS,CINTAS CORP,172908105,2197137,0.102233,4194462,USD,CTAS,true,exact_ticker_adjacent_snapshot
2026-08-18,CTSH,COGNIZANT TECH SOLUTIONS A,192446102,2257019,0.041371,5859256,USD,CTSH,true,exact_ticker_adjacent_snapshot
2026-08-18,CTVA,CORTEVA INC,22052L104,BK73B42,0.078734,8269736,USD,CTVA,true,exact_ticker_adjacent_snapshot
2026-08-18,CVNA,CARVANA CO,146869102,BYQHPG3,0.070347,8856352,USD,CVNA,true,exact_ticker_adjacent_snapshot
2026-08-18,CVS,CVS HEALTH CORP,126650100,2577609,0.182605,15744263,USD,CVS,true,exact_ticker_adjacent_snapshot
2026-08-18,CVX,CHEVRON CORP,166764100,2838555,0.576184,23117327,USD,CVX,true,exact_ticker_adjacent_snapshot
2026-08-18,D,DOMINION ENERGY INC,25746U109,2542049,0.091173,10874297,USD,D,true,exact_ticker_adjacent_snapshot
2026-08-18,DAL,DELTA AIR LINES INC,247361702,B1W9D46,0.084525,8071001,USD,DAL,true,exact_ticker_adjacent_snapshot
2026-08-18,DASH,DOORDASH INC   A,25809K105,BN13P03,0.123699,4678755,USD,DASH,true,exact_ticker_adjacent_snapshot
2026-08-18,DD,DUPONT DE NEMOURS INC,26614N201,BW60F13,0.028451,1677226,USD,DD,true,exact_ticker_adjacent_snapshot
2026-08-18,DDOG,DATADOG INC   CLASS A,23804L103,BKT9Y49,0.122976,4090780,USD,DDOG,true,exact_ticker_adjacent_snapshot
2026-08-18,DE,DEERE + CO,244199105,2261203,0.223123,3101391,USD,DE,true,exact_ticker_adjacent_snapshot
2026-08-18,DECK,DECKERS OUTDOOR CORP,243537107,2267278,0.019129,1748837,USD,DECK,true,exact_ticker_adjacent_snapshot
2026-08-18,DELL,DELL TECHNOLOGIES  C,24703L202,BHKD3S6,0.204512,3571016,USD,DELL,true,exact_ticker_adjacent_snapshot
2026-08-18,DG,DOLLAR GENERAL CORP,256677105,B5B1S13,0.04026,2726355,USD,DG,true,exact_ticker_adjacent_snapshot
2026-08-18,DGX,QUEST DIAGNOSTICS INC,74834L100,2702791,0.03951,1368531,USD,DGX,true,exact_ticker_adjacent_snapshot
2026-08-18,DHI,DR HORTON INC,23331A109,2250687,0.058054,3261014,USD,DHI,true,exact_ticker_adjacent_snapshot
2026-08-18,DHR,DANAHER CORP,235851102,2250870,0.189579,7773108,USD,DHR,true,exact_ticker_adjacent_snapshot
2026-08-18,DIS,WALT DISNEY CO/THE,254687106,2270726,0.272381,21442380,USD,DIS,true,exact_ticker_adjacent_snapshot
2026-08-18,DLR,DIGITAL REALTY TRUST INC,253868103,B03GQS4,0.102534,4297321,USD,DLR,true,exact_ticker_adjacent_snapshot
2026-08-18,DLTR,DOLLAR TREE INC,256746108,2272476,0.035703,2239151,USD,DLTR,true,exact_ticker_adjacent_snapshot
2026-08-18,DOC,HEALTHPEAK PROPERTIES INC,42250P103,BJBLRK3,0.021374,8557017,USD,DOC,true,exact_ticker_adjacent_snapshot
2026-08-18,DOV,DOVER CORP,260003108,2278407,0.041348,1666294,USD,DOV,true,exact_ticker_adjacent_snapshot
2026-08-18,DOW,DOW INC,260557103,BHXCF84,0.033848,8880536,USD,DOW,true,exact_ticker_adjacent_snapshot
2026-08-18,DPZ,DOMINO S PIZZA INC,25754A201,B01SD70,0.015558,378627,USD,DPZ,true,exact_ticker_adjacent_snapshot
2026-08-18,DRI,DARDEN RESTAURANTS INC,237194105,2289874,0.037865,1415787,USD,DRI,true,exact_ticker_adjacent_snapshot
2026-08-18,DTE,DTE ENERGY COMPANY,233331107,2280220,0.044072,2572201,USD,DTE,true,exact_ticker_adjacent_snapshot
2026-08-18,DUK,DUKE ENERGY CORP,26441C204,B7VD3F2,0.146054,9639366,USD,DUK,true,exact_ticker_adjacent_snapshot
2026-08-18,DVA,DAVITA INC,23918K108,2898087,0.008637,397259,USD,DVA,true,exact_ticker_adjacent_snapshot
2026-08-18,DVN,DEVON ENERGY CORP,25179M103,2480677,0.083082,14214391,USD,DVN,true,exact_ticker_adjacent_snapshot
2026-08-18,DXCM,DEXCOM INC,252131107,B0796X4,0.052067,4755292,USD,DXCM,true,exact_ticker_adjacent_snapshot
2026-08-18,EBAY,EBAY INC,278642103,2293819,0.068605,5489462,USD,EBAY,true,exact_ticker_adjacent_snapshot
2026-08-18,ECHO,ECHOSTAR CORP A,278768106,B2NC471,0.018374,1670605,USD,ECHO,true,exact_ticker_adjacent_snapshot
2026-08-18,ECL,ECOLAB INC,278865100,2304227,0.107168,3132043,USD,ECL,true,exact_ticker_adjacent_snapshot
2026-08-18,ED,CONSOLIDATED EDISON INC,209115104,2216850,0.060296,4557099,USD,ED,true,exact_ticker_adjacent_snapshot
2026-08-18,EFX,EQUIFAX INC,294429105,2319146,0.032715,1472229,USD,EFX,true,exact_ticker_adjacent_snapshot
2026-08-18,EG,EVEREST GROUP LTD,G3223R108,2556868,0.021969,489349,USD,EG,true,exact_ticker_adjacent_snapshot
2026-08-18,EIX,EDISON INTERNATIONAL,281020107,2829515,0.042844,4757756,USD,EIX,true,exact_ticker_adjacent_snapshot
2026-08-18,EL,ESTEE LAUDER COMPANIES CL A,518439104,2320524,0.031388,3048016,USD,EL,true,exact_ticker_adjacent_snapshot
2026-08-18,ELV,ELEVANCE HEALTH INC,036752103,BSPHGL4,0.130688,2685222,USD,ELV,true,exact_ticker_adjacent_snapshot
2026-08-18,EME,EMCOR GROUP INC,29084Q100,2474164,0.05539,549730,USD,EME,true,exact_ticker_adjacent_snapshot
2026-08-18,EMR,EMERSON ELECTRIC CO,291011104,2313405,0.133534,6925676,USD,EMR,true,exact_ticker_adjacent_snapshot
2026-08-18,EOG,EOG RESOURCES INC,26875P101,2318024,0.119672,6585715,USD,EOG,true,exact_ticker_adjacent_snapshot
2026-08-18,EQIX,EQUINIX INC,29444U700,BVLZX12,0.160766,1218207,USD,EQIX,true,exact_ticker_adjacent_snapshot
2026-08-18,EQT,EQT CORP,26884L109,2319414,0.050218,7733146,USD,EQT,true,exact_ticker_adjacent_snapshot
2026-08-18,ERIE,ERIE INDEMNITY COMPANY CL A,29530P102,2311711,0.00986,314015,USD,ERIE,true,exact_ticker_adjacent_snapshot
2026-08-18,ES,EVERSOURCE ENERGY,30040W108,BVVN4Q8,0.04098,4643408,USD,ES,true,exact_ticker_adjacent_snapshot
2026-08-18,ESS,ESSEX PROPERTY TRUST INC,297178105,2316619,0.027535,794192,USD,ESS,true,exact_ticker_adjacent_snapshot
2026-08-18,ETN,EATON CORP PLC,G29183103,B8KQN82,0.252728,4794730,USD,ETN,true,exact_ticker_adjacent_snapshot
2026-08-18,ETR,ENTERGY CORP,29364G103,2317087,0.07477,5661130,USD,ETR,true,exact_ticker_adjacent_snapshot
2026-08-18,EVRG,EVERGY INC,30034W106,BFMXGR0,0.029058,2850519,USD,EVRG,true,exact_ticker_adjacent_snapshot
2026-08-18,EW,EDWARDS LIFESCIENCES CORP,28176E108,2567116,0.079154,7119473,USD,EW,true,exact_ticker_adjacent_snapshot
2026-08-18,EXC,EXELON CORP,30161N101,2670519,0.07005,12651222,USD,EXC,true,exact_ticker_adjacent_snapshot
2026-08-18,EXE,EXPAND ENERGY CORP,165167735,BMZ5LZ5,0.03453,2960350,USD,EXE,true,exact_ticker_adjacent_snapshot
2026-08-18,EXPD,EXPEDITORS INTL WASH INC,302130109,2325507,0.036751,1617320,USD,EXPD,true,exact_ticker_adjacent_snapshot
2026-08-18,EXPE,EXPEDIA GROUP INC,30212P303,B748CK2,0.055592,1415346,USD,EXPE,true,exact_ticker_adjacent_snapshot
2026-08-18,EXR,EXTRA SPACE STORAGE INC,30225T102,B02HWR9,0.046891,2611713,USD,EXR,true,exact_ticker_adjacent_snapshot
2026-08-18,F,FORD MOTOR CO,345370860,2615468,0.082376,48391892,USD,F,true,exact_ticker_adjacent_snapshot
2026-08-18,FANG,DIAMONDBACK ENERGY INC,25278X109,B7Y8YR3,0.061584,2399542,USD,FANG,true,exact_ticker_adjacent_snapshot
2026-08-18,FAST,FASTENAL CO,311900104,2332262,0.088933,14194458,USD,FAST,true,exact_ticker_adjacent_snapshot
2026-08-18,FCX,FREEPORT MCMORAN INC,35671D857,2352118,0.144051,17774318,USD,FCX,true,exact_ticker_adjacent_snapshot
2026-08-18,FDS,FACTSET RESEARCH SYSTEMS INC,303075105,2329770,0.015707,450347,USD,FDS,true,exact_ticker_adjacent_snapshot
2026-08-18,FDX,FEDEX CORP,31428X106,2142784,0.108909,2713980,USD,FDX,true,exact_ticker_adjacent_snapshot
2026-08-18,FDXF,FEDEX FREIGHT HOLDING CO,314352105,BVSVT37,0.0228,1340080,USD,FDXF,true,exact_ticker_adjacent_snapshot
2026-08-18,FE,FIRSTENERGY CORP,337932107,2100920,0.037173,6436512,USD,FE,true,exact_ticker_adjacent_snapshot
2026-08-18,FERG,FERGUSON ENTERPRISES INC,31488V107,BS6VHW3,0.071258,2385228,USD,,false,unmatched
2026-08-18,FFIV,F5 INC,315616102,2427599,0.03352,696862,USD,FFIV,true,exact_ticker_adjacent_snapshot
2026-08-18,FICO,FAIR ISAAC CORP,303250104,2330299,0.037718,286290,USD,FICO,true,exact_ticker_adjacent_snapshot
2026-08-18,FIS,FIDELITY NATIONAL INFO SERV,31620M106,2769796,0.031982,6391062,USD,FIS,true,exact_ticker_adjacent_snapshot
2026-08-18,FISV,FISERV INC,337738108,2342034,0.041671,6593282,USD,FISV,true,exact_ticker_adjacent_snapshot
2026-08-18,FITB,FIFTH THIRD BANCORP,316773100,2336747,0.078265,11179219,USD,FITB,true,exact_ticker_adjacent_snapshot
2026-08-18,FIX,COMFORT SYSTEMS USA INC,199908104,2036047,0.092268,434164,USD,FIX,true,exact_ticker_adjacent_snapshot
2026-08-18,FLEX,FLEX LTD,Y2573F102,2353058,0.066796,4545947,USD,FLEX,true,exact_ticker_adjacent_snapshot
2026-08-18,FOX,FOX CORP   CLASS B,35137L204,BJJMGY5,0.012942,1729660,USD,FOX,true,exact_ticker_adjacent_snapshot
2026-08-18,FOXA,FOX CORP   CLASS A,35137L105,BJJMGL2,0.020806,2466483,USD,FOXA,true,exact_ticker_adjacent_snapshot
2026-08-18,FRT,FEDERAL REALTY INVS TRUST,313745101,BN7P9B2,0.014003,975374,USD,FRT,true,exact_ticker_adjacent_snapshot
2026-08-18,FSLR,FIRST SOLAR INC,336433107,B1HMF22,0.035687,1327350,USD,FSLR,true,exact_ticker_adjacent_snapshot
2026-08-18,FTNT,FORTINET INC,34959E109,B5B2106,0.148681,7700017,USD,FTNT,true,exact_ticker_adjacent_snapshot
2026-08-18,FTV,FORTIVE CORP,34959J108,BYT3MK1,0.027387,3769706,USD,FTV,true,exact_ticker_adjacent_snapshot
2026-08-18,GD,GENERAL DYNAMICS CORP,369550108,2365161,0.1509,3138242,USD,GD,true,exact_ticker_adjacent_snapshot
2026-08-18,GDDY,GODADDY INC   CLASS A,380237107,BWFRFC6,0.019169,1637433,USD,GDDY,true,exact_ticker_adjacent_snapshot
2026-08-18,GE,GENERAL ELECTRIC,369604301,BL59CR9,0.590541,12883548,USD,GE,true,exact_ticker_adjacent_snapshot
2026-08-18,GEHC,GE HEALTHCARE TECHNOLOGY,36266G107,BL6JPG8,0.049922,5624633,USD,GEHC,true,exact_ticker_adjacent_snapshot
2026-08-18,GEN,GEN DIGITAL INC,668771108,BJN4XN5,0.022892,6777565,USD,GEN,true,exact_ticker_adjacent_snapshot
2026-08-18,GEV,GE VERNOVA INC,36828A101,BP6H4Y1,0.407592,3320349,USD,GEV,true,exact_ticker_adjacent_snapshot
2026-08-18,GILD,GILEAD SCIENCES INC,375558103,2369174,0.268717,15330146,USD,GILD,true,exact_ticker_adjacent_snapshot
2026-08-18,GIS,GENERAL MILLS INC,370334104,2367026,0.030705,6598348,USD,GIS,true,exact_ticker_adjacent_snapshot
2026-08-18,GL,GLOBE LIFE INC,37959E102,BK6YKG1,0.020892,960052,USD,GL,true,exact_ticker_adjacent_snapshot
2026-08-18,GLW,CORNING INC,219350105,2224701,0.188846,9664530,USD,GLW,true,exact_ticker_adjacent_snapshot
2026-08-18,GM,GENERAL MOTORS CO,37045V100,B665KZ5,0.114046,11148656,USD,GM,true,exact_ticker_adjacent_snapshot
2026-08-18,GNRC,GENERAC HOLDINGS INC,368736104,B6197Q2,0.018644,721145,USD,GNRC,true,exact_ticker_adjacent_snapshot
2026-08-18,GOOG,ALPHABET INC CL C,02079K107,BYY88Y7,2.43471,58379135,USD,GOOG,true,exact_ticker_adjacent_snapshot
2026-08-18,GOOGL,ALPHABET INC CL A,02079K305,BYVY8G0,3.046443,72427487,USD,GOOGL,true,exact_ticker_adjacent_snapshot
2026-08-18,GPC,GENUINE PARTS CO,372460105,2367480,0.027429,1701871,USD,GPC,true,exact_ticker_adjacent_snapshot
2026-08-18,GPN,GLOBAL PAYMENTS INC,37940X102,2712013,0.031751,2875104,USD,GPN,true,exact_ticker_adjacent_snapshot
2026-08-18,GRMN,GARMIN LTD,H2906T109,B3Z5T14,0.073419,2019912,USD,GRMN,true,exact_ticker_adjacent_snapshot
2026-08-18,GS,GOLDMAN SACHS GROUP INC,38141G104,2407966,0.463469,3645125,USD,GS,true,exact_ticker_adjacent_snapshot
2026-08-18,GWW,WW GRAINGER INC,384802104,2380863,0.086218,536886,USD,GWW,true,exact_ticker_adjacent_snapshot
2026-08-18,HAL,HALLIBURTON CO,406216101,2405302,0.043735,10325780,USD,HAL,true,exact_ticker_adjacent_snapshot
2026-08-18,HAS,HASBRO INC,418056107,2414580,0.018805,1649491,USD,HAS,true,exact_ticker_adjacent_snapshot
2026-08-18,HBAN,HUNTINGTON BANCSHARES INC,446150104,2445966,0.054091,25064107,USD,HBAN,true,exact_ticker_adjacent_snapshot
2026-08-18,HCA,HCA HEALTHCARE INC,40412C101,B4MGBG6,0.096605,1920040,USD,HCA,true,exact_ticker_adjacent_snapshot
2026-08-18,HD,HOME DEPOT INC,437076102,2434209,0.507562,12306919,USD,HD,true,exact_ticker_adjacent_snapshot
2026-08-18,HIG,HARTFORD INSURANCE GROUP INC,416515104,2476193,0.057559,3389593,USD,HIG,true,exact_ticker_adjacent_snapshot
2026-08-18,HII,HUNTINGTON INGALLS INDUSTRIE,446413106,B40SSC9,0.018824,485006,USD,HII,true,exact_ticker_adjacent_snapshot
2026-08-18,HLT,HILTON WORLDWIDE HOLDINGS IN,43300A203,BYVMW06,0.112735,2814818,USD,HLT,true,exact_ticker_adjacent_snapshot
2026-08-18,HON,HONEYWELL INTERNATIONAL INC,438516205,BN7RHC5,0.109005,3917279,USD,HON,true,exact_ticker_adjacent_snapshot
2026-08-18,HONA,HONEYWELL AEROSPACE INC,43849R105,BN7RHB4,0.076956,3917279,USD,HONA,true,exact_ticker_adjacent_snapshot
2026-08-18,HOOD,ROBINHOOD MARKETS INC   A,770700102,BP0TQN6,0.10916,9759388,USD,HOOD,true,exact_ticker_adjacent_snapshot
2026-08-18,HPE,HEWLETT PACKARD ENTERPRISE,42824C109,BYVYWS0,0.111611,16400287,USD,HPE,true,exact_ticker_adjacent_snapshot
2026-08-18,HPQ,HP INC,40434L105,BYX4D52,0.041425,11314624,USD,HPQ,true,exact_ticker_adjacent_snapshot
2026-08-18,HRL,HORMEL FOODS CORP,440452100,2437264,0.010726,3606084,USD,HRL,true,exact_ticker_adjacent_snapshot
2026-08-18,HSIC,HENRY SCHEIN INC,806407102,2416962,0.013053,1197087,USD,HSIC,true,exact_ticker_adjacent_snapshot
2026-08-18,HST,HOST HOTELS + RESORTS INC,44107P104,2567503,0.022057,7875219,USD,HST,true,exact_ticker_adjacent_snapshot
2026-08-18,HSY,HERSHEY CO/THE,427866108,2422806,0.04116,1836034,USD,HSY,true,exact_ticker_adjacent_snapshot
2026-08-18,HUBB,HUBBELL INC,443510607,BDFG6S3,0.038656,653757,USD,HUBB,true,exact_ticker_adjacent_snapshot
2026-08-18,HUM,HUMANA INC,444859102,2445063,0.06932,1484961,USD,HUM,true,exact_ticker_adjacent_snapshot
2026-08-18,HWM,HOWMET AEROSPACE INC,443201108,BKLJ8V2,0.176551,4936766,USD,HWM,true,exact_ticker_adjacent_snapshot
2026-08-18,IBKR,INTERACTIVE BROKERS GRO CL A,45841N107,B1WT4X2,0.060954,5507924,USD,IBKR,true,exact_ticker_adjacent_snapshot
2026-08-18,IBM,INTL BUSINESS MACHINES CORP,459200101,2005973,0.329908,11603087,USD,IBM,true,exact_ticker_adjacent_snapshot
2026-08-18,ICE,INTERCONTINENTAL EXCHANGE IN,45866F104,BFSSDS9,0.133454,6992408,USD,ICE,true,exact_ticker_adjacent_snapshot
2026-08-18,IDXX,IDEXX LABORATORIES INC,45168D104,2459202,0.065969,975625,USD,IDXX,true,exact_ticker_adjacent_snapshot
2026-08-18,IEX,IDEX CORP,45167R104,2456612,0.026189,915208,USD,IEX,true,exact_ticker_adjacent_snapshot
2026-08-18,IFF,INTL FLAVORS + FRAGRANCES,459506101,2464165,0.031319,3164065,USD,IFF,true,exact_ticker_adjacent_snapshot
2026-08-18,INCY,INCYTE CORP,45337C102,2471950,0.03109,2060528,USD,INCY,true,exact_ticker_adjacent_snapshot
2026-08-18,INTC,INTEL CORP,458140100,2463247,0.721011,61024442,USD,INTC,true,exact_ticker_adjacent_snapshot
2026-08-18,INTU,INTUIT INC,461202103,2459020,0.146409,3419097,USD,INTU,true,exact_ticker_adjacent_snapshot
2026-08-18,INVH,INVITATION HOMES INC,46187W107,BD81GW9,0.024542,6757567,USD,INVH,true,exact_ticker_adjacent_snapshot
2026-08-18,IP,INTERNATIONAL PAPER CO,460146103,2465254,0.031975,6533274,USD,IP,true,exact_ticker_adjacent_snapshot
2026-08-18,IQV,IQVIA HOLDINGS INC,46266C105,BDR73G1,0.060539,2063908,USD,IQV,true,exact_ticker_adjacent_snapshot
2026-08-18,IR,INGERSOLL RAND INC,45687V106,BL5GZ82,0.043416,4398692,USD,IR,true,exact_ticker_adjacent_snapshot
2026-08-18,IRM,IRON MOUNTAIN INC,46284V101,BVFTF03,0.056937,3678282,USD,IRM,true,exact_ticker_adjacent_snapshot
2026-08-18,ISRG,INTUITIVE SURGICAL INC,46120E602,2871301,0.208933,4370700,USD,ISRG,true,exact_ticker_adjacent_snapshot
2026-08-18,IT,GARTNER INC,366651107,2372763,0.018423,828027,USD,IT,true,exact_ticker_adjacent_snapshot
2026-08-18,ITW,ILLINOIS TOOL WORKS,452308109,2457552,0.112615,3237355,USD,ITW,true,exact_ticker_adjacent_snapshot
2026-08-18,IVZ,INVESCO LTD,G491BT108,B28XP76,0.021735,5492879,USD,IVZ,true,exact_ticker_adjacent_snapshot
2026-08-18,J,JACOBS SOLUTIONS INC,46982L108,BNGC0D3,0.02548,1459538,USD,J,true,exact_ticker_adjacent_snapshot
2026-08-18,JBHT,HUNT (JB) TRANSPRT SVCS INC,445658107,2445416,0.030845,920559,USD,JBHT,true,exact_ticker_adjacent_snapshot
2026-08-18,JBL,JABIL INC,466313103,2471789,0.053977,1304421,USD,JBL,true,exact_ticker_adjacent_snapshot
2026-08-18,JCI,JOHNSON CONTROLS INTERNATION,G51502105,BY7QL61,0.137986,7543840,USD,JCI,true,exact_ticker_adjacent_snapshot
2026-08-18,JKHY,JACK HENRY + ASSOCIATES INC,426281101,2469193,0.016434,878275,USD,JKHY,true,exact_ticker_adjacent_snapshot
2026-08-18,JNJ,JOHNSON + JOHNSON,478160104,2475833,0.984941,29729370,USD,JNJ,true,exact_ticker_adjacent_snapshot
2026-08-18,JPM,JPMORGAN CHASE + CO,46625H100,2190385,1.46907,33094671,USD,JPM,true,exact_ticker_adjacent_snapshot
2026-08-18,KDP,KEURIG DR PEPPER INC,49271V100,BD3W133,0.063296,16822441,USD,KDP,true,exact_ticker_adjacent_snapshot
2026-08-18,KEY,KEYCORP,493267108,2490911,0.031734,11394834,USD,KEY,true,exact_ticker_adjacent_snapshot
2026-08-18,KEYS,KEYSIGHT TECHNOLOGIES IN,49338L103,BQZJ0Q9,0.08815,2115394,USD,KEYS,true,exact_ticker_adjacent_snapshot
2026-08-18,KHC,KRAFT HEINZ CO/THE,500754106,BYRY499,0.032117,10588833,USD,KHC,true,exact_ticker_adjacent_snapshot
2026-08-18,KIM,KIMCO REALTY CORP,49446R109,2491594,0.02468,8338533,USD,KIM,true,exact_ticker_adjacent_snapshot
2026-08-18,KKR,KKR + CO INC,48251W104,BG1FRR1,0.111974,8548366,USD,KKR,true,exact_ticker_adjacent_snapshot
2026-08-18,KLAC,KLA CORP,482480100,2480138,0.384041,16133626,USD,KLAC,true,exact_ticker_adjacent_snapshot
2026-08-18,KMB,KIMBERLY CLARK CORP,494368103,2491839,0.054021,4103816,USD,KMB,true,exact_ticker_adjacent_snapshot
2026-08-18,KMI,KINDER MORGAN INC,49456B101,B3NQ4P8,0.097236,24207532,USD,KMI,true,exact_ticker_adjacent_snapshot
2026-08-18,KO,COCA COLA CO/THE,191216100,2206657,0.519296,47843811,USD,KO,true,exact_ticker_adjacent_snapshot
2026-08-18,KR,KROGER CO,501044101,2497406,0.048289,7013738,USD,KR,true,exact_ticker_adjacent_snapshot
2026-08-18,KVUE,KENVUE INC,49177J102,BQ84ZQ6,0.05454,23739862,USD,KVUE,true,exact_ticker_adjacent_snapshot
2026-08-18,L,LOEWS CORP,540424108,2523022,0.028656,2086466,USD,L,true,exact_ticker_adjacent_snapshot
2026-08-18,LDOS,LEIDOS HOLDINGS INC,525327102,BDV82B8,0.027271,1555363,USD,LDOS,true,exact_ticker_adjacent_snapshot
2026-08-18,LEN,LENNAR CORP A,526057104,2511920,0.027627,2661644,USD,LEN,true,exact_ticker_adjacent_snapshot
2026-08-18,LH,LABCORP HOLDINGS INC,504922105,BSBK800,0.039928,1014143,USD,LH,true,exact_ticker_adjacent_snapshot
2026-08-18,LHX,L3HARRIS TECHNOLOGIES INC,502431109,BK9DTN5,0.078688,2303476,USD,LHX,true,exact_ticker_adjacent_snapshot
2026-08-18,LII,LENNOX INTERNATIONAL INC,526107107,2442053,0.019649,391180,USD,LII,true,exact_ticker_adjacent_snapshot
2026-08-18,LIN,LINDE PLC,G54950103,BNZHB81,0.333904,5707874,USD,LIN,true,exact_ticker_adjacent_snapshot
2026-08-18,LITE,LUMENTUM HOLDINGS INC,55024U109,BYM9ZP2,0.102648,961844,USD,LITE,true,exact_ticker_adjacent_snapshot
2026-08-18,LLY,ELI LILLY + CO,532457108,2516152,1.463471,9770360,USD,LLY,true,exact_ticker_adjacent_snapshot
2026-08-18,LMT,LOCKHEED MARTIN CORP,539830109,2522096,0.185867,2505032,USD,LMT,true,exact_ticker_adjacent_snapshot
2026-08-18,LNT,ALLIANT ENERGY CORP,018802108,2973821,0.027159,3175850,USD,LNT,true,exact_ticker_adjacent_snapshot
2026-08-18,LOW,LOWE S COS INC,548661107,2536763,0.182109,6910709,USD,LOW,true,exact_ticker_adjacent_snapshot
2026-08-18,LRCX,LAM RESEARCH CORP,512807306,BSML4N7,0.619044,15448091,USD,LRCX,true,exact_ticker_adjacent_snapshot
2026-08-18,LULU,LULULEMON ATHLETICA INC,550021109,B23FN39,0.018834,1295034,USD,LULU,true,exact_ticker_adjacent_snapshot
2026-08-18,LUV,SOUTHWEST AIRLINES CO,844741108,2831543,0.031369,6041424,USD,LUV,true,exact_ticker_adjacent_snapshot
2026-08-18,LVS,LAS VEGAS SANDS CORP,517834107,B02T2J7,0.020486,3686881,USD,LVS,true,exact_ticker_adjacent_snapshot
2026-08-18,LYB,LYONDELLBASELL INDU CL A,N53745100,B3SPXZ3,0.025582,3204333,USD,LYB,true,exact_ticker_adjacent_snapshot
2026-08-18,LYV,LIVE NATION ENTERTAINMENT IN,538034109,B0T7YX2,0.043006,1956891,USD,LYV,true,exact_ticker_adjacent_snapshot
2026-08-18,MA,MASTERCARD INC   A,57636Q104,B121557,0.699304,9964168,USD,MA,true,exact_ticker_adjacent_snapshot
2026-08-18,MAA,MID AMERICA APARTMENT COMM,59522J103,2589132,0.022883,1438529,USD,MAA,true,exact_ticker_adjacent_snapshot
2026-08-18,MAR,MARRIOTT INTERNATIONAL  CL A,571903202,2210614,0.118172,2706251,USD,MAR,true,exact_ticker_adjacent_snapshot
2026-08-18,MAS,MASCO CORP,574599106,2570200,0.02244,2502421,USD,MAS,true,exact_ticker_adjacent_snapshot
2026-08-18,MCD,MCDONALD S CORP,580135101,2550707,0.286262,8773837,USD,MCD,true,exact_ticker_adjacent_snapshot
2026-08-18,MCHP,MICROCHIP TECHNOLOGY INC,595017104,2592174,0.063934,6691178,USD,MCHP,true,exact_ticker_adjacent_snapshot
2026-08-18,MCK,MCKESSON CORP,58155Q103,2378534,0.157605,1483683,USD,MCK,true,exact_ticker_adjacent_snapshot
2026-08-18,MCO,MOODY S CORP,615369105,2252058,0.110275,1857593,USD,MCO,true,exact_ticker_adjacent_snapshot
2026-08-18,MDLZ,MONDELEZ INTERNATIONAL INC A,609207105,B8CKK03,0.121218,15830680,USD,MDLZ,true,exact_ticker_adjacent_snapshot
2026-08-18,MDT,MEDTRONIC PLC,G5960L103,BTN1Y11,0.178273,15841412,USD,MDT,true,exact_ticker_adjacent_snapshot
2026-08-18,MET,METLIFE INC,59156R108,2573209,0.078991,6682504,USD,MET,true,exact_ticker_adjacent_snapshot
2026-08-18,META,META PLATFORMS INC CLASS A,30303M102,B7TL820,1.80208,27124386,USD,META,true,exact_ticker_adjacent_snapshot
2026-08-18,MGM,MGM RESORTS INTERNATIONAL,552953101,2547419,0.012416,2345429,USD,MGM,true,exact_ticker_adjacent_snapshot
2026-08-18,MKC,MCCORMICK + CO NON VTG SHRS,579780206,2550161,0.021278,3149815,USD,MKC,true,exact_ticker_adjacent_snapshot
2026-08-18,MLM,MARTIN MARIETTA MATERIALS,573284106,2572079,0.047445,742619,USD,MLM,true,exact_ticker_adjacent_snapshot
2026-08-18,MMM,3M CO,88579Y101,2595708,0.142586,6448589,USD,MMM,true,exact_ticker_adjacent_snapshot
2026-08-18,MNST,MONSTER BEVERAGE CORP,61174X109,BZ07BW4,0.102168,17645781,USD,MNST,true,exact_ticker_adjacent_snapshot
2026-08-18,MO,ALTRIA GROUP INC,02209S103,2692632,0.164128,20602702,USD,MO,true,exact_ticker_adjacent_snapshot
2026-08-18,MOS,MOSAIC CO/THE,61945C103,B3NPHP6,0.010225,3957982,USD,MOS,true,exact_ticker_adjacent_snapshot
2026-08-18,MPC,MARATHON PETROLEUM CORP,56585A102,B3K3L40,0.161085,3609387,USD,MPC,true,exact_ticker_adjacent_snapshot
2026-08-18,MPWR,MONOLITHIC POWER SYSTEMS INC,609839105,B01Z7J1,0.098888,606980,USD,MPWR,true,exact_ticker_adjacent_snapshot
2026-08-18,MRK,MERCK + CO. INC.,58933Y105,2778844,0.50392,30507208,USD,MRK,true,exact_ticker_adjacent_snapshot
2026-08-18,MRNA,MODERNA INC,60770K107,BGSXTS3,0.033596,4366613,USD,MRNA,true,exact_ticker_adjacent_snapshot
2026-08-18,MRSH,MARSH + MCLENNAN COS,571748102,2567741,0.135667,5956874,USD,MRSH,true,exact_ticker_adjacent_snapshot
2026-08-18,MRVL,MARVELL TECHNOLOGY INC,573874104,BNKJSM5,0.285285,10808033,USD,MRVL,true,exact_ticker_adjacent_snapshot
2026-08-18,MS,MORGAN STANLEY,617446448,2262314,0.39346,14800021,USD,MS,true,exact_ticker_adjacent_snapshot
2026-08-18,MSCI,MSCI INC,55354G100,B2972D2,0.061891,899942,USD,MSCI,true,exact_ticker_adjacent_snapshot
2026-08-18,MSFT,MICROSOFT CORP,594918104,2588173,5.400527,91757978,USD,MSFT,true,exact_ticker_adjacent_snapshot
2026-08-18,MSI,MOTOROLA SOLUTIONS INC,620076307,B5BKPQ4,0.117718,2051773,USD,MSI,true,exact_ticker_adjacent_snapshot
2026-08-18,MTB,M + T BANK CORP,55261F104,2340168,0.055654,1810833,USD,MTB,true,exact_ticker_adjacent_snapshot
2026-08-18,MTD,METTLER TOLEDO INTERNATIONAL,592688105,2126249,0.04252,248593,USD,MTD,true,exact_ticker_adjacent_snapshot
2026-08-18,MU,MICRON TECHNOLOGY INC,595112103,2588184,1.601302,13928865,USD,MU,true,exact_ticker_adjacent_snapshot
2026-08-18,NCLH,NORWEGIAN CRUISE LINE HOLDIN,G66721104,B9CGTC3,0.012299,5715390,USD,NCLH,true,exact_ticker_adjacent_snapshot
2026-08-18,NDAQ,NASDAQ INC,631103108,2965107,0.065286,5524229,USD,NDAQ,true,exact_ticker_adjacent_snapshot
2026-08-18,NDSN,NORDSON CORP,655663102,2641838,0.024369,655529,USD,NDSN,true,exact_ticker_adjacent_snapshot
2026-08-18,NEE,NEXTERA ENERGY INC,65339F101,2328915,0.271305,25749595,USD,NEE,true,exact_ticker_adjacent_snapshot
2026-08-18,NEM,NEWMONT CORP,651639106,2636607,0.186704,13173202,USD,NEM,true,exact_ticker_adjacent_snapshot
2026-08-18,NFLX,NETFLIX INC,64110L106,2857817,0.494461,52028458,USD,NFLX,true,exact_ticker_adjacent_snapshot
2026-08-18,NI,NISOURCE INC,65473P105,2645409,0.030428,5911629,USD,NI,true,exact_ticker_adjacent_snapshot
2026-08-18,NKE,NIKE INC  CL B,654106103,2640147,0.072604,14830914,USD,NKE,true,exact_ticker_adjacent_snapshot
2026-08-18,NOC,NORTHROP GRUMMAN CORP,666807102,2648806,0.11882,1650418,USD,NOC,true,exact_ticker_adjacent_snapshot
2026-08-18,NOW,SERVICENOW INC,81762P102,B80NXX8,0.1859,12731185,USD,NOW,true,exact_ticker_adjacent_snapshot
2026-08-18,NRG,NRG ENERGY INC,629377508,2212922,0.036835,2608416,USD,NRG,true,exact_ticker_adjacent_snapshot
2026-08-18,NSC,NORFOLK SOUTHERN CORP,655844108,2641894,0.114739,2770432,USD,NSC,true,exact_ticker_adjacent_snapshot
2026-08-18,NTAP,NETAPP INC,64110D104,2630643,0.061117,2443127,USD,NTAP,true,exact_ticker_adjacent_snapshot
2026-08-18,NTRS,NORTHERN TRUST CORP,665859104,2648668,0.053279,2287723,USD,NTRS,true,exact_ticker_adjacent_snapshot
2026-08-18,NUE,NUCOR CORP,670346105,2651086,0.090911,2815940,USD,NUE,true,exact_ticker_adjacent_snapshot
2026-08-18,NVDA,NVIDIA CORP,67066G104,2379504,8.033843,299181969,USD,NVDA,true,exact_ticker_adjacent_snapshot
2026-08-18,NVR,NVR INC,62944T105,2637785,0.025472,33359,USD,NVR,true,exact_ticker_adjacent_snapshot
2026-08-18,NWS,NEWS CORP   CLASS B,65249B208,BBGVT51,0.006171,1507873,USD,NWS,true,exact_ticker_adjacent_snapshot
2026-08-18,NWSA,NEWS CORP   CLASS A,65249B109,BBGVT40,0.016202,4511254,USD,NWSA,true,exact_ticker_adjacent_snapshot
2026-08-18,NXPI,NXP SEMICONDUCTORS NV,N6596X109,B505PN7,0.087203,3122132,USD,NXPI,true,exact_ticker_adjacent_snapshot
2026-08-18,O,REALTY INCOME CORP,756109104,2724193,0.087648,11529252,USD,O,true,exact_ticker_adjacent_snapshot
2026-08-18,ODFL,OLD DOMINION FREIGHT LINE,679580100,2656423,0.057515,2262758,USD,ODFL,true,exact_ticker_adjacent_snapshot
2026-08-18,OKE,ONEOK INC,682680103,2130109,0.092404,7789805,USD,OKE,true,exact_ticker_adjacent_snapshot
2026-08-18,OMC,OMNICOM GROUP,681919106,2279303,0.037166,3523719,USD,OMC,true,exact_ticker_adjacent_snapshot
2026-08-18,ON,ON SEMICONDUCTOR,682189105,2583576,0.047027,4845524,USD,ON,true,exact_ticker_adjacent_snapshot
2026-08-18,ORCL,ORACLE CORP,68389X105,2661568,0.365838,20965863,USD,ORCL,true,exact_ticker_adjacent_snapshot
2026-08-18,ORLY,O REILLY AUTOMOTIVE INC,67103H107,B65LWX6,0.113642,10246232,USD,ORLY,true,exact_ticker_adjacent_snapshot
2026-08-18,OTIS,OTIS WORLDWIDE CORP,68902V107,BK531S8,0.040784,4743999,USD,OTIS,true,exact_ticker_adjacent_snapshot
2026-08-18,OXY,OCCIDENTAL PETROLEUM CORP,674599105,2655408,0.065606,8977667,USD,OXY,true,exact_ticker_adjacent_snapshot
2026-08-18,PANW,PALO ALTO NETWORKS INC,697435105,B87ZMX0,0.457839,10013828,USD,PANW,true,exact_ticker_adjacent_snapshot
2026-08-18,PAYX,PAYCHEX INC,704326107,2674458,0.058445,3987838,USD,PAYX,true,exact_ticker_adjacent_snapshot
2026-08-18,PCAR,PACCAR INC,693718108,2665861,0.101801,6507195,USD,PCAR,true,exact_ticker_adjacent_snapshot
2026-08-18,PCG,P G + E CORP,69331C108,2689560,0.059294,27228754,USD,PCG,true,exact_ticker_adjacent_snapshot
2026-08-18,PEG,PUBLIC SERVICE ENTERPRISE GP,744573106,2707677,0.056924,6161649,USD,PEG,true,exact_ticker_adjacent_snapshot
2026-08-18,PEP,PEPSICO INC,713448108,2681511,0.289013,16877458,USD,PEP,true,exact_ticker_adjacent_snapshot
2026-08-18,PFE,PFIZER INC,717081103,2684703,0.23424,70342235,USD,PFE,true,exact_ticker_adjacent_snapshot
2026-08-18,PFG,PRINCIPAL FINANCIAL GROUP,74251V102,2803014,0.033592,2429664,USD,PFG,true,exact_ticker_adjacent_snapshot
2026-08-18,PG,PROCTER + GAMBLE CO/THE,742718109,2704407,0.504381,28772603,USD,PG,true,exact_ticker_adjacent_snapshot
2026-08-18,PGR,PROGRESSIVE CORP,743315103,2705024,0.182593,7210290,USD,PGR,true,exact_ticker_adjacent_snapshot
2026-08-18,PH,PARKER HANNIFIN CORP,701094104,2671501,0.198095,1555932,USD,PH,true,exact_ticker_adjacent_snapshot
2026-08-18,PHM,PULTEGROUP INC,745867101,2708841,0.036273,2354815,USD,PHM,true,exact_ticker_adjacent_snapshot
2026-08-18,PKG,PACKAGING CORP OF AMERICA,695156109,2504566,0.033476,1094435,USD,PKG,true,exact_ticker_adjacent_snapshot
2026-08-18,PLD,PROLOGIS INC,74340W103,B44WZD7,0.20019,11699676,USD,PLD,true,exact_ticker_adjacent_snapshot
2026-08-18,PLTR,PALANTIR TECHNOLOGIES INC A,69608A108,BN78DQ4,0.594685,28368912,USD,PLTR,true,exact_ticker_adjacent_snapshot
2026-08-18,PM,PHILIP MORRIS INTERNATIONAL,718172109,B2PKRQ3,0.441212,19243756,USD,PM,true,exact_ticker_adjacent_snapshot
2026-08-18,PNC,PNC FINANCIAL SERVICES GROUP,693475105,2692665,0.153941,4954087,USD,PNC,true,exact_ticker_adjacent_snapshot
2026-08-18,PNR,PENTAIR PLC,G7S00T104,BLS09M3,0.01552,1998476,USD,PNR,true,exact_ticker_adjacent_snapshot
2026-08-18,PNW,PINNACLE WEST CAPITAL,723484101,2048804,0.018348,1499199,USD,PNW,true,exact_ticker_adjacent_snapshot
2026-08-18,PODD,INSULET CORP,45784P101,B1XGNW4,0.01549,856298,USD,PODD,true,exact_ticker_adjacent_snapshot
2026-08-18,PPG,PPG INDUSTRIES INC,693506107,2698470,0.037991,2755814,USD,PPG,true,exact_ticker_adjacent_snapshot
2026-08-18,PPL,PPL CORP,69351T106,2680905,0.040492,9302372,USD,PPL,true,exact_ticker_adjacent_snapshot
2026-08-18,PRU,PRUDENTIAL FINANCIAL INC,744320102,2819118,0.065295,4290314,USD,PRU,true,exact_ticker_adjacent_snapshot
2026-08-18,PSA,PUBLIC STORAGE,74460D109,2852533,0.081874,2073632,USD,PSA,true,exact_ticker_adjacent_snapshot
2026-08-18,PSKY,PARAMOUNT SKYDANCE CL B,69932A204,BSNMNQ5,0.004953,3885874,USD,PSKY,true,exact_ticker_adjacent_snapshot
2026-08-18,PSX,PHILLIPS 66,718546104,B78C4Y8,0.147495,4956990,USD,PSX,true,exact_ticker_adjacent_snapshot
2026-08-18,PTC,PTC INC,69370C100,B95N910,0.025566,1428244,USD,PTC,true,exact_ticker_adjacent_snapshot
2026-08-18,PWR,QUANTA SERVICES INC,74762E102,2150204,0.157489,1851267,USD,PWR,true,exact_ticker_adjacent_snapshot
2026-08-18,PYPL,PAYPAL HOLDINGS INC,70450Y103,BYW36M8,0.080541,10906439,USD,PYPL,true,exact_ticker_adjacent_snapshot
2026-08-18,Q,QNITY ELECTRONICS INC,74743L100,BW1P234,0.042223,2586590,USD,Q,true,exact_ticker_adjacent_snapshot
2026-08-18,QCOM,QUALCOMM INC,747525103,2714923,0.254761,13014231,USD,QCOM,true,exact_ticker_adjacent_snapshot
2026-08-18,RCL,ROYAL CARIBBEAN CRUISES LTD,V7780T103,2754907,0.113076,3084391,USD,RCL,true,exact_ticker_adjacent_snapshot
2026-08-18,RDDT,REDDIT INC CL A,75734B100,BMVNLY2,0.03113,1609724,USD,,false,unmatched
2026-08-18,REG,REGENCY CENTERS CORP,758849103,2726177,0.01897,2037415,USD,REG,true,exact_ticker_adjacent_snapshot
2026-08-18,REGN,REGENERON PHARMACEUTICALS,75886F107,2730190,0.122338,1235575,USD,REGN,true,exact_ticker_adjacent_snapshot
2026-08-18,RF,REGIONS FINANCIAL CORP,7591EP100,B01R311,0.040875,10551555,USD,RF,true,exact_ticker_adjacent_snapshot
2026-08-18,RJF,RAYMOND JAMES FINANCIAL INC,754730109,2718992,0.046994,2144783,USD,RJF,true,exact_ticker_adjacent_snapshot
2026-08-18,RL,RALPH LAUREN CORP,751212101,B4V9661,0.022142,479029,USD,RL,true,exact_ticker_adjacent_snapshot
2026-08-18,RMD,RESMED INC,761152107,2732903,0.048211,1793441,USD,RMD,true,exact_ticker_adjacent_snapshot
2026-08-18,ROK,ROCKWELL AUTOMATION INC,773903109,2754060,0.072886,1375326,USD,ROK,true,exact_ticker_adjacent_snapshot
2026-08-18,ROL,ROLLINS INC,775711104,2747305,0.016118,3631548,USD,ROL,true,exact_ticker_adjacent_snapshot
2026-08-18,ROP,ROPER TECHNOLOGIES INC,776696106,2749602,0.06008,1247283,USD,ROP,true,exact_ticker_adjacent_snapshot
2026-08-18,ROST,ROSS STORES INC,778296103,2746711,0.115067,3983469,USD,ROST,true,exact_ticker_adjacent_snapshot
2026-08-18,RSG,REPUBLIC SERVICES INC,760759100,2262530,0.065562,2472705,USD,RSG,true,exact_ticker_adjacent_snapshot
2026-08-18,RTX,RTX CORP,75513E101,BM5M5Y3,0.458347,16633672,USD,RTX,true,exact_ticker_adjacent_snapshot
2026-08-18,RVTY,REVVITY INC,714046109,2305844,0.019179,1379735,USD,RVTY,true,exact_ticker_adjacent_snapshot
2026-08-18,SBAC,SBA COMMUNICATIONS CORP,78410G104,BZ6TS23,0.029059,1310900,USD,SBAC,true,exact_ticker_adjacent_snapshot
2026-08-18,SBUX,STARBUCKS CORP,855244109,2842255,0.182183,14063169,USD,SBUX,true,exact_ticker_adjacent_snapshot
2026-08-18,SCHW,SCHWAB (CHARLES) CORP,808513105,2779397,0.27549,20186088,USD,SCHW,true,exact_ticker_adjacent_snapshot
2026-08-18,SHW,SHERWIN WILLIAMS CO/THE,824348106,2804211,0.119664,2836123,USD,SHW,true,exact_ticker_adjacent_snapshot
2026-08-18,SJM,JM SMUCKER CO/THE,832696405,2951452,0.019099,1318873,USD,SJM,true,exact_ticker_adjacent_snapshot
2026-08-18,SLB,SLB LTD,806857108,2779201,0.120197,18485026,USD,SLB,true,exact_ticker_adjacent_snapshot
2026-08-18,SMCI,SUPER MICRO COMPUTER INC,86800U302,BRC3N73,0.031809,6957899,USD,SMCI,true,exact_ticker_adjacent_snapshot
2026-08-18,SNA,SNAP ON INC,833034101,2818740,0.03078,640479,USD,SNA,true,exact_ticker_adjacent_snapshot
2026-08-18,SNDK,SANDISK CORP,80004C200,BSNPZV3,0.363553,1829897,USD,SNDK,true,exact_ticker_adjacent_snapshot
2026-08-18,SNPS,SYNOPSYS INC,871607107,2867719,0.117053,2368539,USD,SNPS,true,exact_ticker_adjacent_snapshot
2026-08-18,SO,SOUTHERN CO/THE,842587107,2829601,0.156476,13907554,USD,SO,true,exact_ticker_adjacent_snapshot
2026-08-18,SOLV,SOLVENTUM CORP,83444M101,BMTQB43,0.019446,1819703,USD,SOLV,true,exact_ticker_adjacent_snapshot
2026-08-18,SPG,SIMON PROPERTY GROUP INC,828806109,2812452,0.108094,4009580,USD,SPG,true,exact_ticker_adjacent_snapshot
2026-08-18,SPGI,S+P GLOBAL INC,78409V104,BYV2325,0.191136,3741497,USD,SPGI,true,exact_ticker_adjacent_snapshot
2026-08-18,SRE,SEMPRA,816851109,2138158,0.086108,8082534,USD,SRE,true,exact_ticker_adjacent_snapshot
2026-08-18,STE,STERIS PLC,G8473T100,BFY8C75,0.034441,1212771,USD,STE,true,exact_ticker_adjacent_snapshot
2026-08-18,STLD,STEEL DYNAMICS INC,858119100,2849472,0.051179,1676514,USD,STLD,true,exact_ticker_adjacent_snapshot
2026-08-18,STT,STATE STREET CORP,857477103,2842040,0.080227,3421656,USD,STT,true,exact_ticker_adjacent_snapshot
2026-08-18,STX,SEAGATE TECHNOLOGY HOLDINGS,G7997R103,BKVD2N4,0.305692,2768154,USD,STX,true,exact_ticker_adjacent_snapshot
2026-08-18,STZ,CONSTELLATION BRANDS INC A,21036P108,2170473,0.027606,1724487,USD,STZ,true,exact_ticker_adjacent_snapshot
2026-08-18,SW,SMURFIT WESTROCK PLC,G8267P108,BRK49M5,0.037509,6489182,USD,SW,true,exact_ticker_adjacent_snapshot
2026-08-18,SWK,STANLEY BLACK + DECKER INC,854502101,B3Q2FJ4,0.023111,1922002,USD,SWK,true,exact_ticker_adjacent_snapshot
2026-08-18,SWKS,SKYWORKS SOLUTIONS INC,83088M102,2961053,0.015322,1859460,USD,SWKS,true,exact_ticker_adjacent_snapshot
2026-08-18,SYF,SYNCHRONY FINANCIAL,87165B103,BP96PS6,0.040954,4159040,USD,SYF,true,exact_ticker_adjacent_snapshot
2026-08-18,SYK,STRYKER CORP,863667101,2853688,0.172391,4257193,USD,SYK,true,exact_ticker_adjacent_snapshot
2026-08-18,SYY,SYSCO CORP,871829107,2868165,0.059216,5912279,USD,SYY,true,exact_ticker_adjacent_snapshot
2026-08-18,T,AT+T INC,00206R102,2831811,0.261058,85794356,USD,T,true,exact_ticker_adjacent_snapshot
2026-08-18,TAP,MOLSON COORS BEVERAGE CO   B,60871R209,B067BM3,0.00997,1983634,USD,TAP,true,exact_ticker_adjacent_snapshot
2026-08-18,TDG,TRANSDIGM GROUP INC,893641100,B11FJK3,0.104208,691170,USD,TDG,true,exact_ticker_adjacent_snapshot
2026-08-18,TDY,TELEDYNE TECHNOLOGIES INC,879360105,2503477,0.046562,572972,USD,TDY,true,exact_ticker_adjacent_snapshot
2026-08-18,TECH,BIO TECHNE CORP,09073M104,BSHZ3Q0,0.017114,1939180,USD,TECH,true,exact_ticker_adjacent_snapshot
2026-08-18,TEL,TE CONNECTIVITY PLC,G87052109,BRC3N84,0.090397,3608987,USD,TEL,true,exact_ticker_adjacent_snapshot
2026-08-18,TER,TERADYNE INC,880770102,2884183,0.095596,1934944,USD,TER,true,exact_ticker_adjacent_snapshot
2026-08-18,TFC,TRUIST FINANCIAL CORP,89832Q109,BKP7287,0.098659,15404394,USD,TFC,true,exact_ticker_adjacent_snapshot
2026-08-18,TGT,TARGET CORP,87612E106,2259101,0.10445,5605526,USD,TGT,true,exact_ticker_adjacent_snapshot
2026-08-18,TJX,TJX COMPANIES INC,872540109,2989301,0.251701,13654026,USD,TJX,true,exact_ticker_adjacent_snapshot
2026-08-18,TKO,TKO GROUP HOLDINGS INC,87256C101,BQBBFD1,0.018268,778127,USD,TKO,true,exact_ticker_adjacent_snapshot
2026-08-18,TMO,THERMO FISHER SCIENTIFIC INC,883556102,2886907,0.330352,4589369,USD,TMO,true,exact_ticker_adjacent_snapshot
2026-08-18,TMUS,T MOBILE US INC,872590104,B94Q9V0,0.1285,5753958,USD,TMUS,true,exact_ticker_adjacent_snapshot
2026-08-18,TPL,TEXAS PACIFIC LAND CORP,88262P102,BM99VY2,0.031977,716200,USD,TPL,true,exact_ticker_adjacent_snapshot
2026-08-18,TPR,TAPESTRY INC,876030107,BF09HX3,0.040438,2501964,USD,TPR,true,exact_ticker_adjacent_snapshot
2026-08-18,TRGP,TARGA RESOURCES CORP,87612G101,B55PZY3,0.096558,2653562,USD,TRGP,true,exact_ticker_adjacent_snapshot
2026-08-18,TRMB,TRIMBLE INC,896239100,2903958,0.020072,2882168,USD,TRMB,true,exact_ticker_adjacent_snapshot
2026-08-18,TROW,T ROWE PRICE GROUP INC,74144T108,2702337,0.035714,2649116,USD,TROW,true,exact_ticker_adjacent_snapshot
2026-08-18,TRV,TRAVELERS COS INC/THE,89417E109,2769503,0.118204,2628979,USD,TRV,true,exact_ticker_adjacent_snapshot
2026-08-18,TSCO,TRACTOR SUPPLY COMPANY,892356106,2900335,0.027513,6484564,USD,TSCO,true,exact_ticker_adjacent_snapshot
2026-08-18,TSLA,TESLA INC,88160R101,B616C79,1.431425,34771829,USD,TSLA,true,exact_ticker_adjacent_snapshot
2026-08-18,TSN,TYSON FOODS INC CL A,902494103,2909730,0.024719,3488177,USD,TSN,true,exact_ticker_adjacent_snapshot
2026-08-18,TT,TRANE TECHNOLOGIES PLC,G8994E103,BK9ZQ96,0.15476,2733085,USD,TT,true,exact_ticker_adjacent_snapshot
2026-08-18,TTD,TRADE DESK INC/THE  CLASS A,88339J105,BD8FDD1,0.008658,5279152,USD,TTD,true,exact_ticker_adjacent_snapshot
2026-08-18,TTWO,TAKE TWO INTERACTIVE SOFTWRE,874054109,2122117,0.063756,2152337,USD,TTWO,true,exact_ticker_adjacent_snapshot
2026-08-18,TXN,TEXAS INSTRUMENTS INC,882508104,2885409,0.373943,11240202,USD,TXN,true,exact_ticker_adjacent_snapshot
2026-08-18,TXT,TEXTRON INC,883203101,2885937,0.022844,2145518,USD,TXT,true,exact_ticker_adjacent_snapshot
2026-08-18,TYL,TYLER TECHNOLOGIES INC,902252105,2909644,0.021148,520920,USD,TYL,true,exact_ticker_adjacent_snapshot
2026-08-18,UAL,UNITED AIRLINES HOLDINGS INC,910047109,B4QG225,0.05822,4013021,USD,UAL,true,exact_ticker_adjacent_snapshot
2026-08-18,UBER,UBER TECHNOLOGIES INC,90353T100,BK6N347,0.229306,25133265,USD,UBER,true,exact_ticker_adjacent_snapshot
2026-08-18,UDR,UDR INC,902653104,2727910,0.016568,3655425,USD,UDR,true,exact_ticker_adjacent_snapshot
2026-08-18,UHS,UNIVERSAL HEALTH SERVICES B,913903100,2923785,0.01394,659032,USD,UHS,true,exact_ticker_adjacent_snapshot
2026-08-18,ULTA,ULTA BEAUTY INC,90384S303,B28TS42,0.033995,538353,USD,ULTA,true,exact_ticker_adjacent_snapshot
2026-08-18,UNH,UNITEDHEALTH GROUP INC,91324P102,2917766,0.539831,11213979,USD,UNH,true,exact_ticker_adjacent_snapshot
2026-08-18,UNP,UNION PACIFIC CORP,907818108,2914734,0.267632,7331056,USD,UNP,true,exact_ticker_adjacent_snapshot
2026-08-18,UPS,UNITED PARCEL SERVICE CL B,911312106,2517382,0.114984,9231188,USD,UPS,true,exact_ticker_adjacent_snapshot
2026-08-18,URI,UNITED RENTALS INC,911363109,2134781,0.10563,774276,USD,URI,true,exact_ticker_adjacent_snapshot
2026-08-18,USB,US BANCORP,902973304,2736035,0.15162,19150065,USD,USB,true,exact_ticker_adjacent_snapshot
2026-08-18,V,VISA INC CLASS A SHARES,92826C839,B2PZN04,0.912701,20504557,USD,V,true,exact_ticker_adjacent_snapshot
2026-08-18,VEEV,VEEVA SYSTEMS INC CLASS A,922475108,BFH3N85,0.055068,1856373,USD,VEEV,true,exact_ticker_adjacent_snapshot
2026-08-18,VICI,VICI PROPERTIES INC,925652109,BYWH073,0.042738,13498083,USD,VICI,true,exact_ticker_adjacent_snapshot
2026-08-18,VLO,VALERO ENERGY CORP,91913Y100,2041364,0.157046,3671284,USD,VLO,true,exact_ticker_adjacent_snapshot
2026-08-18,VLTO,VERALTO CORP,92338C103,BPGMZQ5,0.035646,3036316,USD,VLTO,true,exact_ticker_adjacent_snapshot
2026-08-18,VMC,VULCAN MATERIALS CO,929160109,2931205,0.053251,1604139,USD,VMC,true,exact_ticker_adjacent_snapshot
2026-08-18,VMRK,VIVMARK RESIDENTIAL,29476L107,2319157,0.070446,9003178.277,USD,,false,unmatched
2026-08-18,VRSK,VERISK ANALYTICS INC,92345Y106,B4P9W92,0.03541,1620085,USD,VRSK,true,exact_ticker_adjacent_snapshot
2026-08-18,VRSN,VERISIGN INC,92343E102,2142922,0.034128,1012125,USD,VRSN,true,exact_ticker_adjacent_snapshot
2026-08-18,VRT,VERTIV HOLDINGS CO A,92537N108,BL3LWS8,0.15808,4746432,USD,VRT,true,exact_ticker_adjacent_snapshot
2026-08-18,VRTX,VERTEX PHARMACEUTICALS INC,92532F100,2931034,0.202154,3131943,USD,VRTX,true,exact_ticker_adjacent_snapshot
2026-08-18,VST,VISTRA CORP,92840M102,BZ8VJQ8,0.067301,3919258,USD,VST,true,exact_ticker_adjacent_snapshot
2026-08-18,VTR,VENTAS INC,92276F100,2927925,0.066996,6011372,USD,VTR,true,exact_ticker_adjacent_snapshot
2026-08-18,VTRS,VIATRIS INC,92556V106,BMWS3X9,0.028422,14383586,USD,VTRS,true,exact_ticker_adjacent_snapshot
2026-08-18,VZ,VERIZON COMMUNICATIONS INC,92343V104,2090571,0.305856,51563010,USD,VZ,true,exact_ticker_adjacent_snapshot
2026-08-18,WAB,WABTEC CORP,929740108,2955733,0.075545,2097581,USD,WAB,true,exact_ticker_adjacent_snapshot
2026-08-18,WAT,WATERS CORP,941848103,2937689,0.059452,1212484,USD,WAT,true,exact_ticker_adjacent_snapshot
2026-08-18,WBD,WARNER BROS DISCOVERY INC,934423104,BM8JYX3,0.106648,30643330,USD,WBD,true,exact_ticker_adjacent_snapshot
2026-08-18,WDAY,WORKDAY INC CLASS A,98138H101,B8K6ZD1,0.058675,2518671,USD,WDAY,true,exact_ticker_adjacent_snapshot
2026-08-18,WDC,WESTERN DIGITAL CORP,958102105,2954699,0.257963,4254574,USD,WDC,true,exact_ticker_adjacent_snapshot
2026-08-18,WEC,WEC ENERGY GROUP INC,92939U106,BYY8XK8,0.054658,4027657,USD,WEC,true,exact_ticker_adjacent_snapshot
2026-08-18,WELL,WELLTOWER INC,95040Q104,BYVYHH4,0.250765,8715822,USD,WELL,true,exact_ticker_adjacent_snapshot
2026-08-18,WFC,WELLS FARGO + CO,949746101,2649100,0.403542,37783179,USD,WFC,true,exact_ticker_adjacent_snapshot
2026-08-18,WM,WASTE MANAGEMENT INC,94106L109,2937667,0.124805,4567944,USD,WM,true,exact_ticker_adjacent_snapshot
2026-08-18,WMB,WILLIAMS COS INC,969457100,2967181,0.138596,15095886,USD,WMB,true,exact_ticker_adjacent_snapshot
2026-08-18,WMT,WALMART INC,931142103,2936921,0.762174,54140603,USD,WMT,true,exact_ticker_adjacent_snapshot
2026-08-18,WRB,WR BERKLEY CORP,084423102,2093644,0.031178,3635910,USD,WRB,true,exact_ticker_adjacent_snapshot
2026-08-18,WSM,WILLIAMS SONOMA INC,969904101,2967589,0.042938,1455606,USD,WSM,true,exact_ticker_adjacent_snapshot
2026-08-18,WST,WEST PHARMACEUTICAL SERVICES,955306105,2950482,0.036998,873531,USD,WST,true,exact_ticker_adjacent_snapshot
2026-08-18,WTW,WILLIS TOWERS WATSON PLC,G96629103,BDB6Q21,0.046805,1168071,USD,WTW,true,exact_ticker_adjacent_snapshot
2026-08-18,WY,WEYERHAEUSER CO,962166104,2958936,0.02553,8848747,USD,WY,true,exact_ticker_adjacent_snapshot
2026-08-18,WYNN,WYNN RESORTS LTD,983134107,2963811,0.012832,1036663,USD,WYNN,true,exact_ticker_adjacent_snapshot
2026-08-18,XEL,XCEL ENERGY INC,98389B100,2614807,0.074678,7718817,USD,XEL,true,exact_ticker_adjacent_snapshot
2026-08-18,XOM,EXXONMOBIL HOLDINGS CORP,30233Q108,BVSRPD7,1.035688,51191128,USD,XOM,true,exact_ticker_adjacent_snapshot
2026-08-18,XYL,XYLEM INC,98419M100,B3P2CN8,0.040924,2939143,USD,XYL,true,exact_ticker_adjacent_snapshot
2026-08-18,XYZ,BLOCK INC,852234103,BYNZGK1,0.06423,6617228,USD,XYZ,true,exact_ticker_adjacent_snapshot
2026-08-18,YUM,YUM  BRANDS INC,988498101,2098876,0.060332,3408187,USD,YUM,true,exact_ticker_adjacent_snapshot
2026-08-18,ZBH,ZIMMER BIOMET HOLDINGS INC,98956P102,2783815,0.028981,2391914,USD,ZBH,true,exact_ticker_adjacent_snapshot
2026-08-18,ZBRA,ZEBRA TECHNOLOGIES CORP CL A,989207105,2989356,0.026389,589346,USD,ZBRA,true,exact_ticker_adjacent_snapshot
2026-08-18,ZTS,ZOETIS INC,98978V103,B95WG16,0.04685,5183581,USD,ZTS,true,exact_ticker_adjacent_snapshot
