symbol,vendor_snapshot_date,vendor_active,official_snapshot_date,official_active,classification
A,2026-08-04,true,2026-08-18,true,matched
AAPL,2026-08-04,true,2026-08-18,true,matched
ABBV,2026-08-04,true,2026-08-18,true,matched
ABNB,2026-08-04,true,2026-08-18,true,matched
ABT,2026-08-04,true,2026-08-18,true,matched
ACGL,2026-08-04,true,2026-08-18,true,matched
ACN,2026-08-04,true,2026-08-18,true,matched
ADBE,2026-08-04,true,2026-08-18,true,matched
ADI,2026-08-04,true,2026-08-18,true,matched
ADM,2026-08-04,true,2026-08-18,true,matched
ADP,2026-08-04,true,2026-08-18,true,matched
ADSK,2026-08-04,true,2026-08-18,true,matched
AEE,2026-08-04,true,2026-08-18,true,matched
AEP,2026-08-04,true,2026-08-18,true,matched
AES,2026-08-04,true,2026-08-18,true,matched
AFL,2026-08-04,true,2026-08-18,true,matched
AIG,2026-08-04,true,2026-08-18,true,matched
AIZ,2026-08-04,true,2026-08-18,true,matched
AJG,2026-08-04,true,2026-08-18,true,matched
AKAM,2026-08-04,true,2026-08-18,true,matched
ALB,2026-08-04,true,2026-08-18,true,matched
ALGN,2026-08-04,true,2026-08-18,true,matched
ALL,2026-08-04,true,2026-08-18,true,matched
ALLE,2026-08-04,true,2026-08-18,true,matched
AMAT,2026-08-04,true,2026-08-18,true,matched
AMCR,2026-08-04,true,2026-08-18,true,matched
AMD,2026-08-04,true,2026-08-18,true,matched
AME,2026-08-04,true,2026-08-18,true,matched
AMGN,2026-08-04,true,2026-08-18,true,matched
AMP,2026-08-04,true,2026-08-18,true,matched
AMT,2026-08-04,true,2026-08-18,true,matched
AMZN,2026-08-04,true,2026-08-18,true,matched
ANET,2026-08-04,true,2026-08-18,true,matched
AON,2026-08-04,true,2026-08-18,true,matched
AOS,2026-08-04,true,2026-08-18,true,matched
APA,2026-08-04,true,2026-08-18,true,matched
APD,2026-08-04,true,2026-08-18,true,matched
APH,2026-08-04,true,2026-08-18,true,matched
APO,2026-08-04,true,2026-08-18,true,matched
APP,2026-08-04,true,2026-08-18,true,matched
APTV,2026-08-04,true,2026-08-18,true,matched
ARE,2026-08-04,true,2026-08-18,true,matched
ARES,2026-08-04,true,2026-08-18,true,matched
ATO,2026-08-04,true,2026-08-18,true,matched
AVB,2026-08-04,true,2026-08-18,false,vendor_only
AVGO,2026-08-04,true,2026-08-18,true,matched
AVY,2026-08-04,true,2026-08-18,true,matched
AWK,2026-08-04,true,2026-08-18,true,matched
AXON,2026-08-04,true,2026-08-18,true,matched
AXP,2026-08-04,true,2026-08-18,true,matched
AZO,2026-08-04,true,2026-08-18,true,matched
BA,2026-08-04,true,2026-08-18,true,matched
BAC,2026-08-04,true,2026-08-18,true,matched
BALL,2026-08-04,true,2026-08-18,true,matched
BAX,2026-08-04,true,2026-08-18,true,matched
BBY,2026-08-04,true,2026-08-18,true,matched
BDX,2026-08-04,true,2026-08-18,true,matched
BEN,2026-08-04,true,2026-08-18,true,matched
BF.B,2026-08-04,true,2026-08-18,true,matched
BG,2026-08-04,true,2026-08-18,true,matched
BIIB,2026-08-04,true,2026-08-18,true,matched
BKNG,2026-08-04,true,2026-08-18,true,matched
BKR,2026-08-04,true,2026-08-18,true,matched
BLDR,2026-08-04,true,2026-08-18,true,matched
BLK,2026-08-04,true,2026-08-18,true,matched
BMY,2026-08-04,true,2026-08-18,true,matched
BNY,2026-08-04,true,2026-08-18,true,matched
BR,2026-08-04,true,2026-08-18,true,matched
BRK.B,2026-08-04,true,2026-08-18,true,matched
BRO,2026-08-04,true,2026-08-18,true,matched
BSX,2026-08-04,true,2026-08-18,true,matched
BX,2026-08-04,true,2026-08-18,true,matched
BXP,2026-08-04,true,2026-08-18,true,matched
C,2026-08-04,true,2026-08-18,true,matched
CAH,2026-08-04,true,2026-08-18,true,matched
CARR,2026-08-04,true,2026-08-18,true,matched
CASY,2026-08-04,true,2026-08-18,true,matched
CAT,2026-08-04,true,2026-08-18,true,matched
CB,2026-08-04,true,2026-08-18,true,matched
CBOE,2026-08-04,true,2026-08-18,true,matched
CBRE,2026-08-04,true,2026-08-18,true,matched
CCI,2026-08-04,true,2026-08-18,true,matched
CCL,2026-08-04,true,2026-08-18,true,matched
CDNS,2026-08-04,true,2026-08-18,true,matched
CDW,2026-08-04,true,2026-08-18,true,matched
CEG,2026-08-04,true,2026-08-18,true,matched
CF,2026-08-04,true,2026-08-18,true,matched
CFG,2026-08-04,true,2026-08-18,true,matched
CHD,2026-08-04,true,2026-08-18,true,matched
CHRW,2026-08-04,true,2026-08-18,true,matched
CHTR,2026-08-04,true,2026-08-18,true,matched
CI,2026-08-04,true,2026-08-18,true,matched
CIEN,2026-08-04,true,2026-08-18,true,matched
CINF,2026-08-04,true,2026-08-18,true,matched
CL,2026-08-04,true,2026-08-18,true,matched
CLX,2026-08-04,true,2026-08-18,true,matched
CMCSA,2026-08-04,true,2026-08-18,true,matched
CME,2026-08-04,true,2026-08-18,true,matched
CMG,2026-08-04,true,2026-08-18,true,matched
CMI,2026-08-04,true,2026-08-18,true,matched
CMS,2026-08-04,true,2026-08-18,true,matched
CNC,2026-08-04,true,2026-08-18,true,matched
CNP,2026-08-04,true,2026-08-18,true,matched
COF,2026-08-04,true,2026-08-18,true,matched
COHR,2026-08-04,true,2026-08-18,true,matched
COIN,2026-08-04,true,2026-08-18,true,matched
COO,2026-08-04,true,2026-08-18,true,matched
COP,2026-08-04,true,2026-08-18,true,matched
COR,2026-08-04,true,2026-08-18,true,matched
COST,2026-08-04,true,2026-08-18,true,matched
CPAY,2026-08-04,true,2026-08-18,true,matched
CPRT,2026-08-04,true,2026-08-18,true,matched
CPT,2026-08-04,true,2026-08-18,true,matched
CRH,2026-08-04,true,2026-08-18,true,matched
CRL,2026-08-04,true,2026-08-18,true,matched
CRM,2026-08-04,true,2026-08-18,true,matched
CRWD,2026-08-04,true,2026-08-18,true,matched
CSCO,2026-08-04,true,2026-08-18,true,matched
CSGP,2026-08-04,true,2026-08-18,true,matched
CSX,2026-08-04,true,2026-08-18,true,matched
CTAS,2026-08-04,true,2026-08-18,true,matched
CTSH,2026-08-04,true,2026-08-18,true,matched
CTVA,2026-08-04,true,2026-08-18,true,matched
CVNA,2026-08-04,true,2026-08-18,true,matched
CVS,2026-08-04,true,2026-08-18,true,matched
CVX,2026-08-04,true,2026-08-18,true,matched
D,2026-08-04,true,2026-08-18,true,matched
DAL,2026-08-04,true,2026-08-18,true,matched
DASH,2026-08-04,true,2026-08-18,true,matched
DD,2026-08-04,true,2026-08-18,true,matched
DDOG,2026-08-04,true,2026-08-18,true,matched
DE,2026-08-04,true,2026-08-18,true,matched
DECK,2026-08-04,true,2026-08-18,true,matched
DELL,2026-08-04,true,2026-08-18,true,matched
DG,2026-08-04,true,2026-08-18,true,matched
DGX,2026-08-04,true,2026-08-18,true,matched
DHI,2026-08-04,true,2026-08-18,true,matched
DHR,2026-08-04,true,2026-08-18,true,matched
DIS,2026-08-04,true,2026-08-18,true,matched
DLR,2026-08-04,true,2026-08-18,true,matched
DLTR,2026-08-04,true,2026-08-18,true,matched
DOC,2026-08-04,true,2026-08-18,true,matched
DOV,2026-08-04,true,2026-08-18,true,matched
DOW,2026-08-04,true,2026-08-18,true,matched
DPZ,2026-08-04,true,2026-08-18,true,matched
DRI,2026-08-04,true,2026-08-18,true,matched
DTE,2026-08-04,true,2026-08-18,true,matched
DUK,2026-08-04,true,2026-08-18,true,matched
DVA,2026-08-04,true,2026-08-18,true,matched
DVN,2026-08-04,true,2026-08-18,true,matched
DXCM,2026-08-04,true,2026-08-18,true,matched
EA,2026-08-04,true,2026-08-18,false,vendor_only
EBAY,2026-08-04,true,2026-08-18,true,matched
ECHO,2026-08-04,true,2026-08-18,true,matched
ECL,2026-08-04,true,2026-08-18,true,matched
ED,2026-08-04,true,2026-08-18,true,matched
EFX,2026-08-04,true,2026-08-18,true,matched
EG,2026-08-04,true,2026-08-18,true,matched
EIX,2026-08-04,true,2026-08-18,true,matched
EL,2026-08-04,true,2026-08-18,true,matched
ELV,2026-08-04,true,2026-08-18,true,matched
EME,2026-08-04,true,2026-08-18,true,matched
EMR,2026-08-04,true,2026-08-18,true,matched
EOG,2026-08-04,true,2026-08-18,true,matched
EQIX,2026-08-04,true,2026-08-18,true,matched
EQR,2026-08-04,true,2026-08-18,false,vendor_only
EQT,2026-08-04,true,2026-08-18,true,matched
ERIE,2026-08-04,true,2026-08-18,true,matched
ES,2026-08-04,true,2026-08-18,true,matched
ESS,2026-08-04,true,2026-08-18,true,matched
ETN,2026-08-04,true,2026-08-18,true,matched
ETR,2026-08-04,true,2026-08-18,true,matched
EVRG,2026-08-04,true,2026-08-18,true,matched
EW,2026-08-04,true,2026-08-18,true,matched
EXC,2026-08-04,true,2026-08-18,true,matched
EXE,2026-08-04,true,2026-08-18,true,matched
EXPD,2026-08-04,true,2026-08-18,true,matched
EXPE,2026-08-04,true,2026-08-18,true,matched
EXR,2026-08-04,true,2026-08-18,true,matched
F,2026-08-04,true,2026-08-18,true,matched
FANG,2026-08-04,true,2026-08-18,true,matched
FAST,2026-08-04,true,2026-08-18,true,matched
FCX,2026-08-04,true,2026-08-18,true,matched
FDS,2026-08-04,true,2026-08-18,true,matched
FDX,2026-08-04,true,2026-08-18,true,matched
FDXF,2026-08-04,true,2026-08-18,true,matched
FE,2026-08-04,true,2026-08-18,true,matched
FERG,2026-08-04,false,2026-08-18,true,official_only
FFIV,2026-08-04,true,2026-08-18,true,matched
FICO,2026-08-04,true,2026-08-18,true,matched
FIS,2026-08-04,true,2026-08-18,true,matched
FISV,2026-08-04,true,2026-08-18,true,matched
FITB,2026-08-04,true,2026-08-18,true,matched
FIX,2026-08-04,true,2026-08-18,true,matched
FLEX,2026-08-04,true,2026-08-18,true,matched
FOX,2026-08-04,true,2026-08-18,true,matched
FOXA,2026-08-04,true,2026-08-18,true,matched
FRT,2026-08-04,true,2026-08-18,true,matched
FSLR,2026-08-04,true,2026-08-18,true,matched
FTNT,2026-08-04,true,2026-08-18,true,matched
FTV,2026-08-04,true,2026-08-18,true,matched
GD,2026-08-04,true,2026-08-18,true,matched
GDDY,2026-08-04,true,2026-08-18,true,matched
GE,2026-08-04,true,2026-08-18,true,matched
GEHC,2026-08-04,true,2026-08-18,true,matched
GEN,2026-08-04,true,2026-08-18,true,matched
GEV,2026-08-04,true,2026-08-18,true,matched
GILD,2026-08-04,true,2026-08-18,true,matched
GIS,2026-08-04,true,2026-08-18,true,matched
GL,2026-08-04,true,2026-08-18,true,matched
GLW,2026-08-04,true,2026-08-18,true,matched
GM,2026-08-04,true,2026-08-18,true,matched
GNRC,2026-08-04,true,2026-08-18,true,matched
GOOG,2026-08-04,true,2026-08-18,true,matched
GOOGL,2026-08-04,true,2026-08-18,true,matched
GPC,2026-08-04,true,2026-08-18,true,matched
GPN,2026-08-04,true,2026-08-18,true,matched
GRMN,2026-08-04,true,2026-08-18,true,matched
GS,2026-08-04,true,2026-08-18,true,matched
GWW,2026-08-04,true,2026-08-18,true,matched
HAL,2026-08-04,true,2026-08-18,true,matched
HAS,2026-08-04,true,2026-08-18,true,matched
HBAN,2026-08-04,true,2026-08-18,true,matched
HCA,2026-08-04,true,2026-08-18,true,matched
HD,2026-08-04,true,2026-08-18,true,matched
HIG,2026-08-04,true,2026-08-18,true,matched
HII,2026-08-04,true,2026-08-18,true,matched
HLT,2026-08-04,true,2026-08-18,true,matched
HON,2026-08-04,true,2026-08-18,true,matched
HONA,2026-08-04,true,2026-08-18,true,matched
HOOD,2026-08-04,true,2026-08-18,true,matched
HPE,2026-08-04,true,2026-08-18,true,matched
HPQ,2026-08-04,true,2026-08-18,true,matched
HRL,2026-08-04,true,2026-08-18,true,matched
HSIC,2026-08-04,true,2026-08-18,true,matched
HST,2026-08-04,true,2026-08-18,true,matched
HSY,2026-08-04,true,2026-08-18,true,matched
HUBB,2026-08-04,true,2026-08-18,true,matched
HUM,2026-08-04,true,2026-08-18,true,matched
HWM,2026-08-04,true,2026-08-18,true,matched
IBKR,2026-08-04,true,2026-08-18,true,matched
IBM,2026-08-04,true,2026-08-18,true,matched
ICE,2026-08-04,true,2026-08-18,true,matched
IDXX,2026-08-04,true,2026-08-18,true,matched
IEX,2026-08-04,true,2026-08-18,true,matched
IFF,2026-08-04,true,2026-08-18,true,matched
INCY,2026-08-04,true,2026-08-18,true,matched
INTC,2026-08-04,true,2026-08-18,true,matched
INTU,2026-08-04,true,2026-08-18,true,matched
INVH,2026-08-04,true,2026-08-18,true,matched
IP,2026-08-04,true,2026-08-18,true,matched
IQV,2026-08-04,true,2026-08-18,true,matched
IR,2026-08-04,true,2026-08-18,true,matched
IRM,2026-08-04,true,2026-08-18,true,matched
ISRG,2026-08-04,true,2026-08-18,true,matched
IT,2026-08-04,true,2026-08-18,true,matched
ITW,2026-08-04,true,2026-08-18,true,matched
IVZ,2026-08-04,true,2026-08-18,true,matched
J,2026-08-04,true,2026-08-18,true,matched
JBHT,2026-08-04,true,2026-08-18,true,matched
JBL,2026-08-04,true,2026-08-18,true,matched
JCI,2026-08-04,true,2026-08-18,true,matched
JKHY,2026-08-04,true,2026-08-18,true,matched
JNJ,2026-08-04,true,2026-08-18,true,matched
JPM,2026-08-04,true,2026-08-18,true,matched
KDP,2026-08-04,true,2026-08-18,true,matched
KEY,2026-08-04,true,2026-08-18,true,matched
KEYS,2026-08-04,true,2026-08-18,true,matched
KHC,2026-08-04,true,2026-08-18,true,matched
KIM,2026-08-04,true,2026-08-18,true,matched
KKR,2026-08-04,true,2026-08-18,true,matched
KLAC,2026-08-04,true,2026-08-18,true,matched
KMB,2026-08-04,true,2026-08-18,true,matched
KMI,2026-08-04,true,2026-08-18,true,matched
KO,2026-08-04,true,2026-08-18,true,matched
KR,2026-08-04,true,2026-08-18,true,matched
KVUE,2026-08-04,true,2026-08-18,true,matched
L,2026-08-04,true,2026-08-18,true,matched
LDOS,2026-08-04,true,2026-08-18,true,matched
LEN,2026-08-04,true,2026-08-18,true,matched
LH,2026-08-04,true,2026-08-18,true,matched
LHX,2026-08-04,true,2026-08-18,true,matched
LII,2026-08-04,true,2026-08-18,true,matched
LIN,2026-08-04,true,2026-08-18,true,matched
LITE,2026-08-04,true,2026-08-18,true,matched
LLY,2026-08-04,true,2026-08-18,true,matched
LMT,2026-08-04,true,2026-08-18,true,matched
LNT,2026-08-04,true,2026-08-18,true,matched
LOW,2026-08-04,true,2026-08-18,true,matched
LRCX,2026-08-04,true,2026-08-18,true,matched
LULU,2026-08-04,true,2026-08-18,true,matched
LUV,2026-08-04,true,2026-08-18,true,matched
LVS,2026-08-04,true,2026-08-18,true,matched
LYB,2026-08-04,true,2026-08-18,true,matched
LYV,2026-08-04,true,2026-08-18,true,matched
MA,2026-08-04,true,2026-08-18,true,matched
MAA,2026-08-04,true,2026-08-18,true,matched
MAR,2026-08-04,true,2026-08-18,true,matched
MAS,2026-08-04,true,2026-08-18,true,matched
MCD,2026-08-04,true,2026-08-18,true,matched
MCHP,2026-08-04,true,2026-08-18,true,matched
MCK,2026-08-04,true,2026-08-18,true,matched
MCO,2026-08-04,true,2026-08-18,true,matched
MDLZ,2026-08-04,true,2026-08-18,true,matched
MDT,2026-08-04,true,2026-08-18,true,matched
MET,2026-08-04,true,2026-08-18,true,matched
META,2026-08-04,true,2026-08-18,true,matched
MGM,2026-08-04,true,2026-08-18,true,matched
MKC,2026-08-04,true,2026-08-18,true,matched
MLM,2026-08-04,true,2026-08-18,true,matched
MMM,2026-08-04,true,2026-08-18,true,matched
MNST,2026-08-04,true,2026-08-18,true,matched
MO,2026-08-04,true,2026-08-18,true,matched
MOS,2026-08-04,true,2026-08-18,true,matched
MPC,2026-08-04,true,2026-08-18,true,matched
MPWR,2026-08-04,true,2026-08-18,true,matched
MRK,2026-08-04,true,2026-08-18,true,matched
MRNA,2026-08-04,true,2026-08-18,true,matched
MRSH,2026-08-04,true,2026-08-18,true,matched
MRVL,2026-08-04,true,2026-08-18,true,matched
MS,2026-08-04,true,2026-08-18,true,matched
MSCI,2026-08-04,true,2026-08-18,true,matched
MSFT,2026-08-04,true,2026-08-18,true,matched
MSI,2026-08-04,true,2026-08-18,true,matched
MTB,2026-08-04,true,2026-08-18,true,matched
MTD,2026-08-04,true,2026-08-18,true,matched
MU,2026-08-04,true,2026-08-18,true,matched
NCLH,2026-08-04,true,2026-08-18,true,matched
NDAQ,2026-08-04,true,2026-08-18,true,matched
NDSN,2026-08-04,true,2026-08-18,true,matched
NEE,2026-08-04,true,2026-08-18,true,matched
NEM,2026-08-04,true,2026-08-18,true,matched
NFLX,2026-08-04,true,2026-08-18,true,matched
NI,2026-08-04,true,2026-08-18,true,matched
NKE,2026-08-04,true,2026-08-18,true,matched
NOC,2026-08-04,true,2026-08-18,true,matched
NOW,2026-08-04,true,2026-08-18,true,matched
NRG,2026-08-04,true,2026-08-18,true,matched
NSC,2026-08-04,true,2026-08-18,true,matched
NTAP,2026-08-04,true,2026-08-18,true,matched
NTRS,2026-08-04,true,2026-08-18,true,matched
NUE,2026-08-04,true,2026-08-18,true,matched
NVDA,2026-08-04,true,2026-08-18,true,matched
NVR,2026-08-04,true,2026-08-18,true,matched
NWS,2026-08-04,true,2026-08-18,true,matched
NWSA,2026-08-04,true,2026-08-18,true,matched
NXPI,2026-08-04,true,2026-08-18,true,matched
O,2026-08-04,true,2026-08-18,true,matched
ODFL,2026-08-04,true,2026-08-18,true,matched
OKE,2026-08-04,true,2026-08-18,true,matched
OMC,2026-08-04,true,2026-08-18,true,matched
ON,2026-08-04,true,2026-08-18,true,matched
ORCL,2026-08-04,true,2026-08-18,true,matched
ORLY,2026-08-04,true,2026-08-18,true,matched
OTIS,2026-08-04,true,2026-08-18,true,matched
OXY,2026-08-04,true,2026-08-18,true,matched
PANW,2026-08-04,true,2026-08-18,true,matched
PAYX,2026-08-04,true,2026-08-18,true,matched
PCAR,2026-08-04,true,2026-08-18,true,matched
PCG,2026-08-04,true,2026-08-18,true,matched
PEG,2026-08-04,true,2026-08-18,true,matched
PEP,2026-08-04,true,2026-08-18,true,matched
PFE,2026-08-04,true,2026-08-18,true,matched
PFG,2026-08-04,true,2026-08-18,true,matched
PG,2026-08-04,true,2026-08-18,true,matched
PGR,2026-08-04,true,2026-08-18,true,matched
PH,2026-08-04,true,2026-08-18,true,matched
PHM,2026-08-04,true,2026-08-18,true,matched
PKG,2026-08-04,true,2026-08-18,true,matched
PLD,2026-08-04,true,2026-08-18,true,matched
PLTR,2026-08-04,true,2026-08-18,true,matched
PM,2026-08-04,true,2026-08-18,true,matched
PNC,2026-08-04,true,2026-08-18,true,matched
PNR,2026-08-04,true,2026-08-18,true,matched
PNW,2026-08-04,true,2026-08-18,true,matched
PODD,2026-08-04,true,2026-08-18,true,matched
PPG,2026-08-04,true,2026-08-18,true,matched
PPL,2026-08-04,true,2026-08-18,true,matched
PRU,2026-08-04,true,2026-08-18,true,matched
PSA,2026-08-04,true,2026-08-18,true,matched
PSKY,2026-08-04,true,2026-08-18,true,matched
PSX,2026-08-04,true,2026-08-18,true,matched
PTC,2026-08-04,true,2026-08-18,true,matched
PWR,2026-08-04,true,2026-08-18,true,matched
PYPL,2026-08-04,true,2026-08-18,true,matched
Q,2026-08-04,true,2026-08-18,true,matched
QCOM,2026-08-04,true,2026-08-18,true,matched
RCL,2026-08-04,true,2026-08-18,true,matched
RDDT,2026-08-04,false,2026-08-18,true,official_only
REG,2026-08-04,true,2026-08-18,true,matched
REGN,2026-08-04,true,2026-08-18,true,matched
RF,2026-08-04,true,2026-08-18,true,matched
RJF,2026-08-04,true,2026-08-18,true,matched
RL,2026-08-04,true,2026-08-18,true,matched
RMD,2026-08-04,true,2026-08-18,true,matched
ROK,2026-08-04,true,2026-08-18,true,matched
ROL,2026-08-04,true,2026-08-18,true,matched
ROP,2026-08-04,true,2026-08-18,true,matched
ROST,2026-08-04,true,2026-08-18,true,matched
RSG,2026-08-04,true,2026-08-18,true,matched
RTX,2026-08-04,true,2026-08-18,true,matched
RVTY,2026-08-04,true,2026-08-18,true,matched
SBAC,2026-08-04,true,2026-08-18,true,matched
SBUX,2026-08-04,true,2026-08-18,true,matched
SCHW,2026-08-04,true,2026-08-18,true,matched
SHW,2026-08-04,true,2026-08-18,true,matched
SJM,2026-08-04,true,2026-08-18,true,matched
SLB,2026-08-04,true,2026-08-18,true,matched
SMCI,2026-08-04,true,2026-08-18,true,matched
SNA,2026-08-04,true,2026-08-18,true,matched
SNDK,2026-08-04,true,2026-08-18,true,matched
SNPS,2026-08-04,true,2026-08-18,true,matched
SO,2026-08-04,true,2026-08-18,true,matched
SOLV,2026-08-04,true,2026-08-18,true,matched
SPG,2026-08-04,true,2026-08-18,true,matched
SPGI,2026-08-04,true,2026-08-18,true,matched
SRE,2026-08-04,true,2026-08-18,true,matched
STE,2026-08-04,true,2026-08-18,true,matched
STLD,2026-08-04,true,2026-08-18,true,matched
STT,2026-08-04,true,2026-08-18,true,matched
STX,2026-08-04,true,2026-08-18,true,matched
STZ,2026-08-04,true,2026-08-18,true,matched
SW,2026-08-04,true,2026-08-18,true,matched
SWK,2026-08-04,true,2026-08-18,true,matched
SWKS,2026-08-04,true,2026-08-18,true,matched
SYF,2026-08-04,true,2026-08-18,true,matched
SYK,2026-08-04,true,2026-08-18,true,matched
SYY,2026-08-04,true,2026-08-18,true,matched
T,2026-08-04,true,2026-08-18,true,matched
TAP,2026-08-04,true,2026-08-18,true,matched
TDG,2026-08-04,true,2026-08-18,true,matched
TDY,2026-08-04,true,2026-08-18,true,matched
TECH,2026-08-04,true,2026-08-18,true,matched
TEL,2026-08-04,true,2026-08-18,true,matched
TER,2026-08-04,true,2026-08-18,true,matched
TFC,2026-08-04,true,2026-08-18,true,matched
TGT,2026-08-04,true,2026-08-18,true,matched
TJX,2026-08-04,true,2026-08-18,true,matched
TKO,2026-08-04,true,2026-08-18,true,matched
TMO,2026-08-04,true,2026-08-18,true,matched
TMUS,2026-08-04,true,2026-08-18,true,matched
TPL,2026-08-04,true,2026-08-18,true,matched
TPR,2026-08-04,true,2026-08-18,true,matched
TRGP,2026-08-04,true,2026-08-18,true,matched
TRMB,2026-08-04,true,2026-08-18,true,matched
TROW,2026-08-04,true,2026-08-18,true,matched
TRV,2026-08-04,true,2026-08-18,true,matched
TSCO,2026-08-04,true,2026-08-18,true,matched
TSLA,2026-08-04,true,2026-08-18,true,matched
TSN,2026-08-04,true,2026-08-18,true,matched
TT,2026-08-04,true,2026-08-18,true,matched
TTD,2026-08-04,true,2026-08-18,true,matched
TTWO,2026-08-04,true,2026-08-18,true,matched
TXN,2026-08-04,true,2026-08-18,true,matched
TXT,2026-08-04,true,2026-08-18,true,matched
TYL,2026-08-04,true,2026-08-18,true,matched
UAL,2026-08-04,true,2026-08-18,true,matched
UBER,2026-08-04,true,2026-08-18,true,matched
UDR,2026-08-04,true,2026-08-18,true,matched
UHS,2026-08-04,true,2026-08-18,true,matched
ULTA,2026-08-04,true,2026-08-18,true,matched
UNH,2026-08-04,true,2026-08-18,true,matched
UNP,2026-08-04,true,2026-08-18,true,matched
UPS,2026-08-04,true,2026-08-18,true,matched
URI,2026-08-04,true,2026-08-18,true,matched
USB,2026-08-04,true,2026-08-18,true,matched
V,2026-08-04,true,2026-08-18,true,matched
VEEV,2026-08-04,true,2026-08-18,true,matched
VICI,2026-08-04,true,2026-08-18,true,matched
VLO,2026-08-04,true,2026-08-18,true,matched
VLTO,2026-08-04,true,2026-08-18,true,matched
VMC,2026-08-04,true,2026-08-18,true,matched
VMRK,2026-08-04,false,2026-08-18,true,official_only
VRSK,2026-08-04,true,2026-08-18,true,matched
VRSN,2026-08-04,true,2026-08-18,true,matched
VRT,2026-08-04,true,2026-08-18,true,matched
VRTX,2026-08-04,true,2026-08-18,true,matched
VST,2026-08-04,true,2026-08-18,true,matched
VTR,2026-08-04,true,2026-08-18,true,matched
VTRS,2026-08-04,true,2026-08-18,true,matched
VZ,2026-08-04,true,2026-08-18,true,matched
WAB,2026-08-04,true,2026-08-18,true,matched
WAT,2026-08-04,true,2026-08-18,true,matched
WBD,2026-08-04,true,2026-08-18,true,matched
WDAY,2026-08-04,true,2026-08-18,true,matched
WDC,2026-08-04,true,2026-08-18,true,matched
WEC,2026-08-04,true,2026-08-18,true,matched
WELL,2026-08-04,true,2026-08-18,true,matched
WFC,2026-08-04,true,2026-08-18,true,matched
WM,2026-08-04,true,2026-08-18,true,matched
WMB,2026-08-04,true,2026-08-18,true,matched
WMT,2026-08-04,true,2026-08-18,true,matched
WRB,2026-08-04,true,2026-08-18,true,matched
WSM,2026-08-04,true,2026-08-18,true,matched
WST,2026-08-04,true,2026-08-18,true,matched
WTW,2026-08-04,true,2026-08-18,true,matched
WY,2026-08-04,true,2026-08-18,true,matched
WYNN,2026-08-04,true,2026-08-18,true,matched
XEL,2026-08-04,true,2026-08-18,true,matched
XOM,2026-08-04,true,2026-08-18,true,matched
XYL,2026-08-04,true,2026-08-18,true,matched
XYZ,2026-08-04,true,2026-08-18,true,matched
YUM,2026-08-04,true,2026-08-18,true,matched
ZBH,2026-08-04,true,2026-08-18,true,matched
ZBRA,2026-08-04,true,2026-08-18,true,matched
ZTS,2026-08-04,true,2026-08-18,true,matched
